Overall rank,Country Code,Country,Region,Languages,Religion,Population,Area (km2),Happiness,GDP,Family,Health,Freedom,Corruption,Generosity,GDP per Cap,Gender Ratio %,Gender Gap,Suicide per 100k,Suicide 5-14 years,Suicide 15-49 years,Suicide  50-69 years,Suicide 70+ years,Unemployment (%),Divorce Rate per 100k,GINI,Christian,Muslim,Irreligion,Hindu,Buddhist,Folk religion,Other religion,Jewish,Hunger (rate),Urbanization (rate),Democracy (value),Holiday (Paid Days),Fertility (per woman),Air Quality (Value),Homicide per 100k,Prison (per 100k),Alchool (per cap),Drugs Usage (per cap),Antidepressants (per cap),Congestion (Per capita),Power Distance,Individualism,Masculinity,Uncertainity Avoidance,Long Term Orientation,Net Migration,Mortality
153,AFG,Afghanistan,Southern Asia,Asia (other),Muslim,34414000,652860,3.512,0.356,0.41,0.254,0.118,0.06,0.268,541.656,48.61,#N/A,5.279715954,0.32,8.755,16.69,22.32,8.86,#N/A,#N/A,0.1,99.7,0,0.03,0,0,0.06,0,33.8,26,2.85,35,4.98,58.8,6.66,87,0.2,2.54,#N/A,#N/A,#N/A,#N/A,#N/A,#N/A,#N/A,3.3,6.93
137,AGO,Angola,Sub-Saharan Africa,Portuguese,Christian,27884000,1246700,3.875,0.8,0.9375,0.135,0.0275,0.07,0.105,3606.42,50.54,0.6659,6.195113927,0.515,7.73,26.875,55.04,7.28,#N/A,51.3,90.5,1,5.1,0,0,4.2,0,0,29.8,66.8,3.72,33,5.77,15.9,4.85,93,6.4,0.51,#N/A,#N/A,#N/A,#N/A,#N/A,#N/A,#N/A,1.4,9.05
95,ALB,Albania,Eastern Europe,Europe (other),Muslim,2891000,27400,4.714,0.942,0.754,0.786,0.372,0.042,0.168,4649.024,49.09,0.6412,5.885342479,0.645,7,6.335,10.01,17.08,24.36,33.2,18,80.3,1.4,0,0,0,0.2,0,7,62.1,5.89,32,1.68,#N/A,2.29,177,7.5,0.51,#N/A,#N/A,#N/A,#N/A,#N/A,#N/A,#N/A,-9.4,7.37
20,ARE,United Arab Emirates,Middle East and Northern Africa,Arabic,Muslim,9263000,71020,6.744,1.646,1.072,0.754,0.538,0.3125,0.268,40878.542,29.6,0.6372,6.120097806,0.1,6.75,8.99,8.945,1.93,25,32.5,12.6,76.9,1.1,6.6,2,0,0.8,0,#N/A,87,2.76,32,1.54,38.94,0.5,104,3.8,2.99,#N/A,170.89,80,38,52,68,0,6.1,1.38
30,ARG,Argentina,Latin America and Caribbean,Spanish,Christian,43075000,2736690,6.46,1.11,1.332,0.762,0.48,0.062,0.092,12572.252,51.27,0.7195,11.30154506,0.79,14.305,13.895,20.125,7.15,#N/A,41.4,85.2,1,12.2,0,0.05,0.8,0.3,0.5,5,92.1,7.02,25,2.3,14.6,5.32,230,9.8,0.99,#N/A,172.79,49,46,56,86,0,0.1,7.64
127,ARM,Armenia,Central Asia,Europe (other),Christian,2926000,28470,4.394,0.84,0.892,0.7,0.216,0.04,0.084,3991.37,52.99,0.6634,10.15635363,0.295,8.415,14.53,35,18.26,16.67,34.4,98.5,0,1.3,0,0,0,0.1,0,7.8,63.3,5.54,36,1.74,25.51,1.69,76,5.5,0.5,#N/A,#N/A,#N/A,#N/A,#N/A,#N/A,#N/A,-2.1,9.82
10,AUS,Australia,Australia and New Zealand,English,Christian,23932000,7692020,7.274,1.392,1.408,0.914,0.606,0.314,0.416,54619.268,50.17,0.739,12.88929122,0.39,16.215,15.425,15.055,6.06,43.48,34.4,67,2.8,24.2,1.2,2.7,0.7,0.8,0.5,#N/A,86.2,9.09,30,1.81,8,0.89,170,10.6,2.17,106.7,148.25,36,90,61,51,31,8.6,6.6
13,AUT,Austria,Northern Europe,German,Christian,8679000,82522.99805,7.144,1.4,1.364,0.886,0.576,0.214,0.292,47753.454,51.04,0.7437,16.65953141,0.285,13.02,21.775,37.12,5.72,35.29,29.7,80.4,5.4,13.5,0,0.2,0,0.1,0.2,#N/A,58.7,8.29,38,1.49,12.17,0.97,98,11.6,0.91,60.5,80.52,11,55,79,70,0,6.3,9.6
80,AZE,Azerbaijan,Central Asia,Europe (other),Muslim,9623000,82670,5.228,1.07,1.032,0.62,0.38,0.176,0.052,4612.314,50.24,0.6582,4.307680876,0.27,4.935,6.565,10.56,4.96,15.46,26.6,3,96.9,0,0,0,0,0,0,7.4,56.4,2.75,40,1.94,#N/A,2.2,235,0.8,0.48,#N/A,162.23,#N/A,#N/A,#N/A,#N/A,#N/A,0.2,5.7
157,BDI,Burundi,Sub-Saharan Africa,French,Christian,10160000,25680,3.082,0.064,0.472,0.212,0.102,0.106,0.186,282.748,50.49,0.7397,6.430456747,0.635,7.335,28.545,63.535,1.57,#N/A,38.6,91.5,10,0,0,0,5.7,0,0,#N/A,13.7,2.15,30,5.7,#N/A,6.02,85,7.5,0.5,#N/A,#N/A,#N/A,#N/A,#N/A,#N/A,#N/A,-1.5,8.52
19,BEL,Belgium,Northern Europe,Europe (other),Christian,11288000,30280,6.922,1.376,1.356,0.884,0.536,0.238,0.208,44177.336,50.84,0.7684,19.31999433,0.28,18.825,27.855,29.525,8.48,53.85,27.4,64.25,5.9,29,0,0.2,0.2,0,0.3,#N/A,98.1,7.64,30,1.7,12.52,1.7,95,12.1,0.82,79,146.77,65,75,54,94,0,4.7,9.8
155,BEN,Benin,Sub-Saharan Africa,French,Christian,10576000,112760,3.9,0.376,0.34,0.276,0.42,0.072,0.186,1152.188,50.17,0.5885,6.026321749,0.395,7.04,25.04,55.09,2.63,#N/A,47.8,48,28,6,0,0,18,0,0,24,48.4,5.09,37,5.05,#N/A,1.1,68,3,0.5,#N/A,#N/A,#N/A,#N/A,#N/A,#N/A,#N/A,-0.9,9.33
152,BFA,Burkina Faso,Sub-Saharan Africa,French,Muslim,18111000,273600,4.074,0.314,0.936,0.266,0.322,0.124,0.214,734.854,50.2,0.6513,7.134316284,0.54,8.255,29.47,64.325,6.49,#N/A,35.3,22.5,62,0.4,0,0,15.4,0,0,25.8,30.6,4.04,45,5.44,#N/A,1.3,39,8.2,0.44,#N/A,#N/A,#N/A,#N/A,#N/A,#N/A,#N/A,-1.5,8.82
109,BGD,Bangladesh,Southern Asia,Asia (other),Muslim,156256000,130170,4.58,0.524,0.64,0.592,0.48,0.132,0.178,1553.614,49.3,0.6848,5.984103676,1.6,8.275,6.6,11.055,4.43,#N/A,32.4,0.2,90,0.05,9.1,0.5,0.4,0.02,0,25.8,38.2,5.88,21,2.12,83.3,2.37,52,0,0.51,#N/A,271.69,#N/A,#N/A,#N/A,#N/A,#N/A,-3,5.55
134,BGR,Bulgaria,Eastern Europe,Europe (other),Christian,7200000,108560,4.618,1.084,1.3,0.738,0.296,0.008,0.1,8418.322,51.36,0.7097,13.75630498,0.445,10.075,18.06,30.855,9.14,39.47,40.4,82.1,13.7,4.2,0,0,0,0,0,5,75.7,7.03,32,1.53,25.49,1.3,125,12.7,0.7,#N/A,103.15,#N/A,#N/A,#N/A,#N/A,#N/A,#N/A,15.3
49,BHR,Bahrain,Middle East and Northern Africa,Arabic,Muslim,1372000,778.0000305,6.116,1.39,1.244,0.726,0.518,0.212,0.202,23302.506,38.28,0.6334,5.037497253,0.115,6.25,5.865,8.25,1.21,#N/A,#N/A,14.5,70.3,1.9,9.8,2.5,0,0.2,0.6,#N/A,89.5,2.55,44,2.06,46.8,0.52,234,1.9,1.72,#N/A,#N/A,#N/A,#N/A,#N/A,#N/A,#N/A,6.4,2.35
96,BIH,Bosnia and Herzegovina,Eastern Europe,Europe (other),Muslim,3429000,51200,5.162,0.922,0.984,0.764,0.176,0.002,0.272,5452.4,50.97,#N/A,9.2110116,0.56,7.8,12.065,21.725,27.69,12.5,33,52.3,45.2,2.5,0,0,0,0,0,5,49,4.86,29,1.3,34.58,1.17,73,6.4,0.43,#N/A,89.98,#N/A,#N/A,#N/A,#N/A,#N/A,-14.5,10.31
59,BLR,Belarus,Eastern Europe,Europe (other),Christian,9439000,202988.0078,5.596,1.086,1.338,0.7,0.304,0.162,0.12,5945.374,53.47,#N/A,24.9390509,0.605,24.865,34.625,39.855,0.49,44.57,25.2,71.2,0.2,28.6,0,0,0,0,0,5,79.5,2.48,29,1.72,#N/A,2.39,343,11.2,0.78,#N/A,109.39,#N/A,#N/A,#N/A,#N/A,#N/A,1.5,12.6
,BLZ,Belize,Latin America and Caribbean,English,Christian,361000,22810,5.96,0.866666667,0.956666667,0.46,0.55,0.1,0.22,4836.366,50.09,0.6449,6.795064383,0.235,8.965,12.5,18.26,9.97,#N/A,53.3,87.6,0.1,8.9,0.2,0.5,1.5,0.1,1,#N/A,46,#N/A,27,2.44,#N/A,37.9,356,6.8,0.83,#N/A,#N/A,#N/A,#N/A,#N/A,#N/A,#N/A,4.4,4.62
51,BOL,Bolivia,Latin America and Caribbean,Spanish,Christian,10870000,1083300,5.812,0.766,1.096,0.54,0.552,0.068,0.188,3312.882,49.74,0.734,5.817375863,0.6,6.995,12.29,15.92,3.07,#N/A,42.2,93.9,0.1,4.1,0,0,0.9,1,0,15.4,70.1,4.84,26,2.89,#N/A,6.3,158,4.8,0.9,#N/A,#N/A,#N/A,#N/A,#N/A,#N/A,#N/A,-1.1,6.89
16,BRA,Brazil,Latin America and Caribbean,Portuguese,Christian,204472000,8358140,6.658,1.034,1.322,0.682,0.442,0.122,0.136,9033.582,50.77,0.6949,6.53988263,0.43,8.055,8.96,9.88,8.44,21.21,53.9,95.9,0.8,7.9,0,0.1,2.8,0.2,0.06,5,87.1,6.86,22,1.75,15.77,27.38,348,7.8,1.05,#N/A,177.06,69,38,49,76,65,0,6.25
79,BTN,Bhutan,Southern Asia,Asia (other),Buddhist,728000,38143.99902,5.124,0.824,1.202,0.54,0.498,0.164,0.434,2442.604,47.24,0.6651,5.152813766,0.275,6,10.715,17.465,2.45,#N/A,37.4,0.5,0.2,0,22.6,74.7,1.9,0,0,#N/A,42.3,5.3,0,2.04,#N/A,1.19,145,0.6,0.53,#N/A,#N/A,#N/A,#N/A,#N/A,#N/A,#N/A,0.1,6.26
128,BWA,Botswana,Sub-Saharan Africa,English,Christian,2121000,566730,3.83,1.052,1.106,0.34,0.492,0.104,0.078,7635.576,51.85,0.6752,8.824516087,0.09,11.12,17.81,29.365,17.01,#N/A,53.3,72.1,0.4,20.6,0.3,0,6,0.6,0,23.6,70.9,7.81,29,2.97,#N/A,15.04,208,8.4,0.75,#N/A,#N/A,#N/A,#N/A,#N/A,#N/A,#N/A,-7.1,6.26
148,CAF,Central African Republic,Sub-Saharan Africa,French,Christian,4493000,622980,3.1325,0.0325,0,0.0525,0.325,0.055,0.245,434.874,50.45,#N/A,11.14365291,0.8,13.505,39.955,55.53,6.39,#N/A,56.2,89.5,15,1,0,0,1,0,0,53.6,42.2,1.32,24,4.94,#N/A,19.76,16,3.3,0.51,#N/A,#N/A,#N/A,#N/A,#N/A,#N/A,#N/A,-17.8,13.62
5,CAN,Canada,North America,English,Christian,36027000,9093510,7.352,1.39,1.388,0.902,0.608,0.306,0.392,44712.888,50.41,0.7425,13.20727889,0.88,15.835,17.015,12.315,6.91,47.73,33.8,72,2.8,23.7,1.4,0.8,1.2,0.9,1,#N/A,81.6,9.22,16,1.56,7.72,1.76,107,8.9,2.23,99.6,140.45,#N/A,#N/A,#N/A,#N/A,#N/A,7.1,7.4
1,CHE,Switzerland,Northern Europe,Europe (other),Christian,8297000,39516.00098,7.512,1.472,1.42,0.928,0.622,0.38,0.278,81503.132,50.51,0.7736,13.65543657,0.255,10.75,19.51,28.4,4.8,40,32.7,81.3,5.5,11.9,0.4,0.4,0,0.1,0.3,#N/A,73.9,9.03,27,1.54,10.89,0.59,81,11.5,1.01,#N/A,93.85,34,68,70,58,0,9.9,8.2
27,CHL,Chile,Latin America and Caribbean,Spanish,Christian,17969000,743532.0313,6.59,1.174,1.202,0.846,0.398,0.088,0.274,14629.674,50.78,0.667,11.42382502,0.57,13.655,14.705,17.335,6.51,21.21,44.4,89.4,0.1,8.6,0,0.06,1.5,0.2,0.1,5,87.7,8.08,30,1.75,22.63,4.4,232,9.3,1.24,41.4,128.07,63,23,28,86,0,1.9,5.92
84,CHN,China,Eastern Asia,Chinese,Atheist,1406848000,9388210,5.22,1.004,1.034,0.798,0.51,0.056,0.05,9066.536,48.64,0.6908,9.119164073,0.74,5.79,14.215,39.115,4.61,44.44,38.5,5.1,1.8,52.2,0,18.2,21.9,0.7,0,6.5,61.4,2.26,16,1.67,39.12,0.53,120,7.2,1.08,#N/A,160.05,80,20,66,40,118,-0.2,7.11
151,CIV,Ivory Coast,Sub-Saharan Africa,French,Mixed,23226000,318000,4.274,0.548,0.786,0.11,0.43,0.132,0.18,2137.146,49.42,0.5814,7.777696109,0.67,8.66,30.905,71.73,2.66,#N/A,41.5,44.1,43.2,8,0,0,10.2,0.2,0,24.9,51.7,4.05,34,4.81,#N/A,11.63,82,8.4,0.5,#N/A,#N/A,#N/A,#N/A,#N/A,#N/A,#N/A,-0.7,10.77
133,CMR,Cameroon,Sub-Saharan Africa,French,Christian,23298000,472710,4.696,0.518,0.854,0.2,0.436,0.05,0.21,1429.868,50.04,0.656,7.887828,0.525,9.12,31.335,68.73,4.3,#N/A,46.6,70.3,30,5.3,0,0,3.3,2.7,0,22.6,57.6,2.85,18,4.78,#N/A,1.4,124,8.9,0.58,#N/A,#N/A,#N/A,#N/A,#N/A,#N/A,#N/A,-0.3,10.05
120,COD,Congo (Kinshasa),Sub-Saharan Africa,French,Christian,76245000,2267050,4.348,0.062,1.062,0.208,0.242,0.06,0.232,507.598,50.13,#N/A,6.643680229,0.505,8.005,26.2,47.78,3.71,#N/A,42.1,95.8,15,1.8,0.05,0,0.7,0.1,0,#N/A,45.6,1.13,12,6.2,32.1,13.55,29,2.6,0.51,#N/A,#N/A,#N/A,#N/A,#N/A,#N/A,#N/A,0,10.16
139,COG,Congo (Brazzaville),Sub-Saharan Africa,French,Christian,4856000,341500,4.378,0.722,0.716,0.346,0.422,0.094,0.112,1916.028,50.11,#N/A,9.176410771,0.59,10.075,31.465,58.735,10.02,#N/A,48.9,85.9,2,9,0,0,2.8,1.1,0,#N/A,67.8,3.11,26,4.59,#N/A,9.32,27,7.8,0.56,#N/A,#N/A,#N/A,#N/A,#N/A,#N/A,#N/A,-2.6,7.18
33,COL,Colombia,Latin America and Caribbean,Spanish,Christian,47521000,1109500,6.342,0.994,1.302,0.674,0.492,0.044,0.138,6315.186,50.99,0.7171,5.704094382,0.915,7.94,6.285,7.315,8.24,30.43,50.4,86,0.2,11,0.01,0.01,1,2,0.01,6.7,81.4,7.13,33,1.86,14.61,25.34,246,5.8,1.1,#N/A,196.41,67,13,64,80,0,-0.8,5.41
140,COM,Comoros,Sub-Saharan Africa,French,Muslim,777000,1861.000061,3.963333333,0.263333333,0.716666667,0.39,0.173333333,0.153333333,0.21,1329.79,49.57,#N/A,5.980690187,0.545,5.625,17.81,40.76,4.34,#N/A,45.3,0.2,99.8,0,0,0,0,0,0,#N/A,29.4,3.15,25,4.42,#N/A,7.7,27,0.9,0.5,#N/A,#N/A,#N/A,#N/A,#N/A,#N/A,#N/A,-2.7,7.49
12,CRI,Costa Rica,Latin America and Caribbean,Spanish,Christian,4848000,51060,7.128,1.036,1.316,0.832,0.59,0.102,0.194,11826.146,49.97,0.7241,8.230084482,0.54,10.605,11.125,9.115,9.26,47.17,48,90.9,0.1,7.9,0,0,0.8,0.3,0,5,80.8,8.13,19,1.81,10.4,11.26,374,4.8,0.77,#N/A,#N/A,35,15,21,86,0,0.8,4.86
67,CYP,Cyprus,Southern Europe,Europe (other),Christian,1161000,9240,5.734,1.276,1.028,0.912,0.38,0.046,0.25,26150.6,49.92,0.6801,5.611600943,0.06,6.74,6.73,6.12,14.92,30.67,31.4,73.2,25.3,1.2,0,0.2,0,0,0,#N/A,66.8,7.59,34,1.35,19.72,1.26,86,10.8,0.57,#N/A,108.24,#N/A,#N/A,#N/A,#N/A,#N/A,4,6.84
31,CZE,Czech Republic,Eastern Europe,Europe (other),Atheist,10601000,77220,6.656,1.268,1.326,0.824,0.472,0.036,0.082,20541.528,50.87,0.677,14.62506717,0.275,14.095,19.825,24.005,5.05,50,24.9,23.3,0,76.4,0,0,0,0,0,#N/A,74.1,7.69,33,1.57,14.45,0.6,197,14.4,0.95,57.1,92.7,57,58,57,74,0,1.1,10.5
26,DEU,Germany,Northern Europe,German,Christian,81787000,349360,6.93,1.396,1.358,0.87,0.558,0.268,0.29,44297.186,50.82,0.7583,14.51733515,0.245,11.375,18.735,28.415,4.62,40,31.9,68.7,5.8,24.7,0,0.3,0,0.1,0.3,#N/A,77.5,8.68,30,1.5,11.01,0.95,77,13.4,0.89,56.5,106.2,35,67,66,65,31,4.8,11.3
126,DJI,Djibouti,Sub-Saharan Africa,French,Muslim,914000,23180,4.37,0.44,0.59,0.36,0.46,0.28,0.18,2985.26,47.14,#N/A,5.435239433,0.535,5.305,18.58,42.245,5.86,#N/A,44.6,2.3,96.9,0.2,0,0,0.3,0,0.2,30.9,#N/A,2.77,35,2.91,#N/A,6.48,66,0.5,0.52,#N/A,#N/A,#N/A,#N/A,#N/A,#N/A,#N/A,1.4,7.84
3,DNK,Denmark,Northern Europe,Europe (other),Christian,5689000,41990,7.548,1.396,1.446,0.866,0.626,0.428,0.318,57254.54,50.27,0.7779,11.78907823,0.095,9.79,17.935,22.35,6.17,55.56,28.7,83.5,4.1,11.8,0.4,0.2,0,0,0,#N/A,88.1,9.22,36,1.71,9.6,1.01,63,10.4,0.88,77,87.98,18,74,16,23,0,3.8,9.2
98,DOM,Dominican Republic,Latin America and Caribbean,Spanish,Christian,10282000,48310,5.202,1.002,1.28,0.642,0.546,0.116,0.17,7628.898,49.94,0.6867,8.777048193,0.485,10.05,15.745,23.115,5.92,40.91,43.7,88,0.1,10.9,0,0,0.9,0.1,0,9.2,82.5,6.54,23,2.41,#N/A,10.05,237,6.9,0.66,#N/A,#N/A,#N/A,#N/A,#N/A,#N/A,#N/A,-3.1,6.08
68,DZA,Algeria,Middle East and Northern Africa,Arabic,Muslim,39728000,2381740,5.67,1.012,1.074,0.668,0.18,0.146,0.07,4046.334,49.5,0.5966,4.330796789,0.385,6.125,4.34,7.8,11.2,15.84,27.6,1,98,0,0,0,0.2,0,0.8,10.3,73.7,4.01,41,3.04,21.2,1.36,151,0.9,1.71,#N/A,#N/A,#N/A,#N/A,#N/A,#N/A,#N/A,-0.8,4.72
48,ECU,Ecuador,Latin America and Caribbean,Spanish,Christian,16212000,248360,5.994,0.926,1.158,0.756,0.482,0.142,0.122,6175.568,49.94,0.7389,9.436014941,2.23,13.11,10.685,14.06,3.62,19.64,45.4,94.1,0.01,5.5,0,0,0.3,0,0,11.3,64.2,6.33,23,2.5,8.6,5.8,233,4.4,0.67,#N/A,155.87,78,8,63,67,0,-0.5,5.1
135,EGY,Egypt,Middle East and Northern Africa,Arabic,Muslim,92443000,995450,4.376,0.924,0.864,0.57,0.238,0.09,0.108,3026.732,49.46,0.5935,4.868043987,0.315,7.25,6.86,9.94,13.05,17.27,31.5,11.2,88.9,0,0,0,0,0,0.1,14.6,42.8,3.06,28,3.44,18,2.51,116,0.4,1.46,#N/A,237.95,80,38,52,68,0,-0.6,5.97
36,ESP,Spain,Southern Europe,Spanish,Christian,46672000,499563.9844,6.35,1.298,1.398,0.952,0.412,0.068,0.168,28071.828,50.9,0.7266,8.297691623,0.125,6.895,11.24,17.065,22.06,56.76,34.7,78.6,2.1,19,0.04,0,0.04,0.02,0.1,#N/A,80.8,8.29,36,1.33,9.74,0.62,124,10,1.45,75.5,107.31,57,51,42,86,0,-2.2,9.1
73,EST,Estonia,Northern Europe,Europe (other),Christian,1315000,43470,5.638,1.238,1.364,0.752,0.48,0.17,0.092,20613.216,53.23,0.6997,16.94040164,0.575,16.17,23.54,26.915,6.19,50,30.4,39.9,0.2,59.6,0,0,0,0,0.1,5,69.2,7.9,31,1.58,6.15,2.12,187,11.6,1.13,28.8,85.67,#N/A,#N/A,#N/A,#N/A,#N/A,-1.6,11.6
122,ETH,Ethiopia,Sub-Saharan Africa,African (other),Mixed,100835000,1000000,4.424,0.294,0.764,0.412,0.4,0.148,0.256,751.04,50.01,0.6198,4.99546041,0.65,5.56,20.495,53.11,4.97,#N/A,35,54,42.6,0.06,0,0,2.6,0,1,28.9,21.7,3.44,25,4.57,20.1,7.56,127,2.9,0.49,#N/A,#N/A,64,27,41,52,25,0.8,7.02
6,FIN,Finland,Northern Europe,Europe (other),Christian,5481000,303910,7.538,1.358,1.434,0.874,0.622,0.396,0.216,46318.574,50.78,0.8421,15.37707396,0.305,17.3,20.11,18.05,9.38,55.56,27.4,81.6,0.8,17.6,0,0,0,0,0,#N/A,85.5,9.25,36,1.65,5.63,1.63,53,10.7,0.93,67.6,90.83,33,63,26,59,0,3,9.6
29,FRA,France,Southern Europe,French,Christian,64453000,547556.9922,6.516,1.342,1.32,0.918,0.49,0.184,0.116,38922.546,51.55,0.7089,17.16905077,0.255,15.775,23.565,33.64,10.36,54.29,31.6,63,7.5,28,0.05,0.5,0.3,0.2,0.5,#N/A,81,8.12,36,1.96,12.34,1.2,105,12.6,1.2,49.8,126.99,68,71,43,86,0,1.3,8.9
143,GAB,Gabon,Sub-Saharan Africa,French,Christian,1948000,257670,4.41,1.104,1.026,0.422,0.314,0.078,0.048,7444.714,49.08,#N/A,9.260464602,0.56,8.7,30.155,52.55,20,#N/A,38,76.5,11.2,5.6,0,0,6,0.7,0,15.8,90.1,3.61,34,4.06,#N/A,8.04,241,11.5,0.57,#N/A,#N/A,#N/A,#N/A,#N/A,#N/A,#N/A,11.2,7.45
21,GBR,United Kingdom,Northern Europe,English,Christian,65860000,241930,6.91,1.336,1.37,0.884,0.504,0.244,0.424,42348.776,50.71,0.744,8.640534799,0.08,10.805,10.905,8.385,5.3,40.91,34.8,71.1,4.4,21.3,1.3,0.4,0.3,0.8,0.5,#N/A,83.9,8.52,28,1.8,10.53,1.2,140,11.5,1.7,100.1,133.37,35,89,66,35,25,4,9.2
130,GEO,Georgia,Eastern Europe,Europe (other),Christian,4024000,69490,4.34,0.854,0.482,0.682,0.354,0.266,0.052,4385.068,52.24,0.675,9.352990548,0.295,8.49,13.44,21.515,11.96,18.84,36.4,88.5,10.7,0.7,0,0,0,0,0,9.2,59.5,5.42,39,2.05,20.1,2.22,262,9.8,0.48,#N/A,123.28,#N/A,#N/A,#N/A,#N/A,#N/A,-4.7,13.06
114,GHA,Ghana,Sub-Saharan Africa,English,Christian,27849000,227540,4.538,0.61,0.762,0.366,0.426,0.034,0.232,2021.12,49.35,0.6811,6.340163039,0.43,6.445,21.63,46.785,2.15,#N/A,43.5,74.9,17.8,4.2,0,0,4.9,0.2,0,14,57.3,6.63,28,4.04,30.3,2.1,52,2.7,0.62,#N/A,#N/A,77,20,46,54,16,-0.4,7.66
150,GIN,Guinea,Sub-Saharan Africa,French,Muslim,11432000,245720,3.854,0.27,0.636,0.242,0.352,0.106,0.25,881.248,52.11,#N/A,6.427897608,0.39,6.925,25.9,55.365,4.53,#N/A,33.7,10.9,84.4,1.8,0,0,2.7,0,0,27.4,36.5,3.14,33,4.93,#N/A,8.82,28,1.3,0.45,#N/A,#N/A,#N/A,#N/A,#N/A,#N/A,#N/A,-5.4,9.34
,GMB,Gambia,Sub-Saharan Africa,French,Muslim,2086000,10120,4.52,0.31,0.94,0.43,0.38,0.17,0.27,694.794,50.39,#N/A,5.57860785,0.35,6.11,22.05,46.925,9.42,#N/A,35.9,4.5,95.1,0,0,0,0.1,0,0,21.8,62.6,4.33,21,5.39,#N/A,9.13,31,3.8,0.49,#N/A,#N/A,#N/A,#N/A,#N/A,#N/A,#N/A,-1.6,8.33
102,GRC,Greece,Southern Europe,Europe (other),Christian,10660000,128900,5.154,1.204,1.056,0.874,0.088,0.032,0,19024.26,50.91,0.6782,5.06393238,0.075,4.5,7.075,8.1,24.9,21.74,34.4,88.1,5.3,6.1,0.1,0,0.1,0,0,#N/A,79.7,7.43,29,1.33,22.5,0.94,95,10.4,0.55,48.1,132.79,60,35,57,112,0,-3,11.2
43,GTM,Guatemala,Latin America and Caribbean,Spanish,Christian,16252000,107160,6.342,0.806,1.142,0.616,0.55,0.082,0.24,4342.454,50.81,0.6304,5.214083906,0.35,8.02,6.375,7.505,2.7,31.58,48.3,95.2,0.1,4.1,0,0,0.6,0.07,0,20.6,51.8,5.26,25,3.03,20.2,22.5,143,2.5,0.68,#N/A,#N/A,95,6,37,101,0,-0.6,4.83
72,HKG,Hong Kong,Eastern Asia,English,Atheist,7186000,1050,5.452,1.46,1.152,1.01,0.506,0.312,0.334,45925.518,53.61,#N/A,#N/A,#N/A,#N/A,#N/A,#N/A,3.3,#N/A,#N/A,14.3,1.8,56.1,0.4,13.2,12.8,1.5,0,#N/A,#N/A,6.02,19,1.2,20.3,0.65,106,0,#N/A,#N/A,144.57,68,25,57,29,96,2.1,6.3
105,HND,Honduras,Latin America and Caribbean,Spanish,Christian,9113000,111890,5.24,0.656,1.06,0.662,0.398,0.072,0.224,2435.84,50.07,0.6773,3.705128905,0.205,5.005,6.68,13.225,4.59,#N/A,52.1,87.6,0.1,10.5,0,0.1,1.1,0.6,0,12.9,58.4,5.42,19,2.58,#N/A,38.93,229,4,0.7,#N/A,#N/A,#N/A,#N/A,#N/A,#N/A,#N/A,-0.7,4.42
62,HRV,Croatia,Eastern Europe,Europe (other),Christian,4233000,55960,5.458,1.154,0.962,0.77,0.288,0.032,0.144,13465.83,51.91,0.7069,17.24876503,0.41,11.995,24.975,38.27,16.18,34.69,30.4,93.4,1.4,5.1,0,0,0,0,0,5,57.6,6.57,33,1.4,19.09,0.58,79,8.9,0.73,#N/A,100.73,#N/A,#N/A,#N/A,#N/A,#N/A,-1.8,12.9
119,HTI,Haiti,Latin America and Caribbean,French,Christian,10696000,27560,3.866,0.324,0.616,0.336,0.09,0.124,0.448,787.938,50.64,#N/A,7.093064775,0.465,9.36,15.31,21.91,14.05,#N/A,41.1,86.9,0.1,10.6,0,0,2.2,0.3,0,34.7,57.1,4.57,27,3.1,#N/A,6.68,80,5.8,0.63,#N/A,#N/A,#N/A,#N/A,#N/A,#N/A,#N/A,-2.9,8.89
104,HUN,Hungary,Eastern Europe,Europe (other),Christian,9778000,90530,5.33,1.204,1.256,0.738,0.232,0.03,0.09,14545.614,52.48,0.6742,22.22346789,0.33,16.935,35.05,41.055,6.81,37.74,30.6,81,0,18.6,0,0,0,0,0.1,#N/A,71.9,6.63,33,1.45,14.57,2.5,173,11.4,0.72,28.8,127.14,46,55,88,82,0,#N/A,13.4
74,IDN,Indonesia,Southeastern Asia,Asia (other),Muslim,258383008,1811570,5.25,0.922,1.132,0.56,0.466,0.014,0.536,3752.324,49.64,0.6613,3.070581522,0.19,3.92,4.21,8.11,4.51,#N/A,39,9.9,87.2,0.1,1.7,0.7,0.3,0.1,0,20.1,56.6,6.48,27,2.39,51.71,0.4,99,0.8,0.58,#N/A,195.8,78,14,46,48,0,-0.4,6.42
117,IND,India,Southern Asia,Hindi,Hindu,1310151936,2973190,4.3,0.73,0.588,0.502,0.462,0.088,0.222,1885.966,48,0.6551,15.23474263,1.04,21,20.72,28.49,3.49,#N/A,37.8,2.5,14.4,0.07,79.5,0.8,0.5,2.3,0,30.3,34.9,6.9,27,2.3,58.08,3.08,34,5.7,0.52,#N/A,206.74,77,48,56,40,61,-0.4,7.19
18,IRL,Ireland,Northern Europe,English,Christian,4652000,68890,6.966,1.462,1.444,0.88,0.572,0.302,0.39,70459.408,50.51,0.7823,9.55455049,0.215,12.115,14.135,7.25,9.4,14.89,32.8,92,1.1,6.2,0.2,0.2,0.2,0,0,#N/A,63.7,9.24,29,1.85,10.6,0.87,79,13,1.05,#N/A,150.41,28,70,68,35,0,-4.9,6.4
110,IRN,Iran,Middle East and Northern Africa,Persian,Muslim,78492000,1628760,4.69,1.09,0.65,0.692,0.31,0.086,0.342,3135.612,49.38,0.5842,6.011070198,0.465,8.29,5.445,9.055,11.06,14.29,40.8,1.5,87.6,3.1,0.02,0,0,7.8,0,7.9,75.9,2.38,53,2.04,24.27,2.47,294,1,2.01,#N/A,216.09,58,41,43,59,0,-1.3,4.81
112,IRQ,Iraq,Middle East and Northern Africa,Arabic,Muslim,35572000,434128.0078,4.532,1.042,0.868,0.544,0.216,0.116,0.176,5352.22,49.44,#N/A,3.593004506,0.135,5.67,5.69,7.195,8.09,#N/A,29.5,0.8,99,0.1,0,0,0,0.06,0,18.7,70.9,3.74,20,3.97,39.6,10.08,126,0.4,1.66,#N/A,#N/A,80,38,52,68,0,8,4.97
2,ISL,Iceland,Northern Europe,Europe (other),Christian,330000,100250,7.51,1.386,1.49,0.918,0.62,0.14,0.42,65051.14,49.83,0.8731,12.04782356,0.27,11.555,16.03,30.595,3.98,36.73,26.8,95,0.2,3.5,0.3,0.4,0.5,0.2,0,#N/A,93.9,9.58,38,1.8,5.55,0.89,37,9.1,0.7,141.4,91.18,#N/A,#N/A,#N/A,#N/A,#N/A,-1.3,6.6
11,ISR,Israel,Middle East and Northern Africa,Europe (other),Jewish,7978000,21640,7.142,1.306,1.324,0.902,0.416,0.122,0.318,39800.282,50.41,0.7032,6.155604365,0.195,6.9,9.76,15.67,5.25,27.69,39,2,18.6,3.1,0,0.3,0.2,0.1,75.6,#N/A,92.6,7.86,21,3.09,20.83,1.36,234,3.8,0.7,49.2,150.29,13,54,47,81,0,0.5,5.3
50,ITA,Italy,Southern Europe,Europe (other),Christian,60578000,294140,6.022,1.31,1.334,0.928,0.244,0.03,0.174,32257.264,51.48,0.6885,7.428335571,0.125,6.05,9.65,13.86,11.9,47.06,35.9,83.3,3.7,12.4,0.1,0.2,0.1,0.1,0.08,#N/A,71,7.52,32,1.35,17.09,0.57,101,7.5,1.22,40.3,133.82,50,76,70,75,0,5.5,10.7
65,JAM,Jamaica,Latin America and Caribbean,English,Christian,2891000,10830,5.662,0.856,1.29,0.688,0.496,0.036,0.174,5151.304,50.3,0.7085,3.946049694,0.205,4.975,5.2,6.14,13.51,20,45.5,77.2,0.4,17.2,0,0,4.5,1,0,8.2,56.3,6.96,10,2.03,#N/A,43.85,138,4.2,0.95,#N/A,#N/A,45,39,68,13,0,-4,7.52
82,JOR,Jordan,Middle East and Northern Africa,Arabic,Muslim,9267000,88780,5.18,0.91,1.13,0.676,0.408,0.13,0.132,4188.824,49.35,0.6093,2.844063401,0.11,4.225,3.93,7.08,13.07,25.49,33.7,2.2,97.2,0,0.1,0.4,0,0,0,10.5,91.4,3.93,24,3.07,18.3,1.4,198,0.7,1.6,#N/A,192.91,#N/A,#N/A,#N/A,#N/A,#N/A,25.6,3.81
46,JPN,Japan,Eastern Asia,Japanese,Atheist,127985000,364560,5.928,1.338,1.328,0.978,0.496,0.164,0.096,38215.82,51.14,0.6498,22.2529704,0.47,19.93,29.365,32.195,3.33,35.42,32.9,1.6,0.2,57,0.02,36.2,0.4,4.7,0,#N/A,91.8,7.99,26,1.45,11.36,0.26,39,8,0.91,#N/A,132.05,54,46,95,92,80,0.6,10.3
54,KAZ,Kazakhstan,Central Asia,Asia (other),Muslim,17572000,2699700,5.84,1.188,1.298,0.636,0.446,0.106,0.154,9403.388,51.58,0.7218,23.62033935,2.03,31.25,31.895,37.38,4.93,26.74,27.5,24.8,70.4,4.2,0,0.2,0.3,0.1,0,5.5,57.7,2.94,40,2.73,23.6,5,156,7.7,0.63,#N/A,128.42,#N/A,#N/A,#N/A,#N/A,#N/A,1.9,7.46
125,KEN,Kenya,Sub-Saharan Africa,English,Christian,47878000,569140,4.45,0.488,0.972,0.41,0.442,0.06,0.39,1568.858,50.33,0.6803,6.324111748,0.54,6.6,25.255,56.875,11.59,#N/A,40.8,84.8,9.7,2.5,0.1,0,1.7,1.2,0,25.2,28,5.18,28,3.77,#N/A,4.93,102,3.4,0.48,#N/A,277.72,64,27,41,52,25,-0.2,5.93
77,KGZ,Kyrgyzstan,Central Asia,Asia (other),Muslim,5959000,191800,5.174,0.542,1.27,0.612,0.466,0.038,0.338,1220.41,50.52,0.6948,9.787087357,1.665,13.255,15.545,16.415,7.56,16.49,27.7,11.4,88,0.4,0,0,0.1,0,0,8.8,36.9,4.89,20,3.2,33.2,2.19,161,6.2,0.53,#N/A,#N/A,#N/A,#N/A,#N/A,#N/A,#N/A,-3.3,5.8
145,KHM,Cambodia,Southeastern Asia,Asia (other),Buddhist,15521000,176520,4.206,0.548,0.878,0.512,0.638,0.07,0.336,1394.6,51.23,0.6509,4.105520922,0.095,5.045,8.655,11.07,0.18,#N/A,0,0.4,2,0.2,0,96.9,0.6,0,0,22.8,24.2,3.53,45,2.59,21.1,1.84,220,6.7,0.56,#N/A,#N/A,#N/A,#N/A,#N/A,#N/A,#N/A,-2,6.1
47,KOR,South Korea,Eastern Asia,Asia (other),Atheist,50823000,97489.00391,5.888,1.314,1.046,0.952,0.248,0.066,0.19,30948.038,49.89,0.6351,29.63449396,0.6,22.995,38.41,88.165,3.63,46.81,31.6,29.4,0.2,46.4,0,22.9,0.8,0.2,0,#N/A,81.4,8,30,1.24,24.78,0.6,109,10.2,0.91,19.9,144.69,60,18,39,85,75,1.6,5.4
39,KWT,Kuwait,Middle East and Northern Africa,Arabic,Muslim,3836000,17820,6.15,1.554,1.186,0.696,0.504,0.186,0.172,30661.68,41.18,0.6292,3.022036871,0.08,3.88,3.28,3.835,2.2,42.31,#N/A,14.3,74.1,0,8.5,2.8,0,0.3,0,5,100,3.93,48,2.08,38.3,1.8,117,0,1.6,#N/A,156.59,80,38,52,68,0,34,2.45
99,LAO,Laos,Southeastern Asia,Asia (other),Buddhist,6741000,230800,4.795,0.6875,0.8375,0.48,0.575,0.1975,0.3375,2388.95,49.85,0.6993,7.890041411,0.45,11.375,11.73,17.2,0.65,#N/A,36.4,1.5,0,0.9,0,66,30.7,0.7,0,25.7,36.3,2.14,15,2.8,23.1,7.01,130,10.4,0.67,#N/A,#N/A,#N/A,#N/A,#N/A,#N/A,#N/A,-3.5,6.69
103,LBN,Lebanon,Middle East and Northern Africa,Arabic,Mixed,6533000,10230,5.15,1.036,0.994,0.79,0.322,0.058,0.22,7776.948,49.67,0.6028,4.772223385,0.205,7.095,4.865,8.415,6.63,16.84,31.8,47.3,55.3,0.3,0,0.2,0,0,0,11.6,88.9,4.36,37,2.1,#N/A,2.49,144,1.5,2.19,#N/A,184.61,80,38,52,68,0,41.5,4.11
116,LBR,Liberia,Sub-Saharan Africa,English,Christian,4472000,96320,3.84,0.09,0.788,0.302,0.334,0.042,0.238,684.582,49.83,#N/A,7.160035643,0.38,7.76,30.35,70.08,2.27,#N/A,35.3,85.9,20,1.4,0,0,0.5,0.1,0,34.9,52.1,5.45,21,4.54,#N/A,3.23,50,5.8,0.51,#N/A,#N/A,#N/A,#N/A,#N/A,#N/A,#N/A,1.2,8.21
63,LBY,Libya,Middle East and Northern Africa,Arabic,Muslim,6418000,1759540,5.6,1.066,1.216,0.592,0.444,0.12,0.15,5938.136,49.39,#N/A,8.50960197,0.395,12.33,8.375,12.41,18.36,23.15,#N/A,2.7,96.6,0.2,0,0.3,0,0,0,#N/A,80.7,2.02,22,2.36,#N/A,2.5,139,0,2.58,#N/A,#N/A,80,38,52,68,0,-9.5,5.11
132,LKA,Sri Lanka,Southern Asia,Asia (other),Buddhist,20908000,62710,4.394,0.938,1.142,0.692,0.534,0.068,0.384,3948.152,51.8,0.7019,20.82341197,0.525,23.12,28.835,63.54,4.67,0,39.8,7.3,9.8,0,13.6,70.3,0,0,0,17.1,18.7,6.27,40,2.21,25.2,2.42,105,4.3,0.66,#N/A,274.01,#N/A,#N/A,#N/A,#N/A,#N/A,-4.7,6.37
97,LSO,Lesotho,Sub-Saharan Africa,English,Christian,2059000,30360,4.08,0.465,1.155,0.0825,0.3725,0.1125,0.1375,1145.042,50.85,0.753,27.66374454,0.19,36.465,57.22,86.29,26.98,#N/A,44.9,96.7,0.1,3.1,0,0,0.1,0,0,23.2,29,6.54,22,3.22,#N/A,41.25,92,5,0.77,#N/A,#N/A,#N/A,#N/A,#N/A,#N/A,#N/A,-4.7,15.75
56,LTU,Lithuania,Eastern Europe,Europe (other),Christian,2932000,62642.00195,5.928,1.234,1.368,0.71,0.254,0.018,0.026,16933.46,53.95,0.7308,36.80569513,1.015,38.765,51.125,41.64,9.12,41.89,37.3,89.8,0.1,10,0,0,0,0,0,5,68,7.5,34,1.7,14.49,4.57,221,15,0.61,#N/A,94.44,#N/A,#N/A,#N/A,#N/A,#N/A,-9.7,14.4
17,LUX,Luxembourg,Northern Europe,Europe (other),Christian,567000,2430,6.936,1.638,1.344,0.906,0.586,0.338,0.246,108928.178,49.81,0.741,11.82411674,0.19,9.735,17.445,28.67,6.67,65.63,34.9,70.4,2.3,26.8,0,0,0,0.3,0.1,#N/A,91.5,8.81,37,1.47,9.6,0.3,105,13,0.94,52.7,121.21,#N/A,#N/A,#N/A,#N/A,#N/A,18.1,7
89,LVA,Latvia,Northern Europe,Europe (other),Christian,1998000,62180,5.676,1.186,1.274,0.696,0.306,0.07,0.134,15816.114,54.16,0.761,22.54066088,0.43,22.425,31.155,30.82,9.87,46.97,35.6,55.8,0.1,43.8,0,0,0,0.2,0,5,68.3,7.49,32,1.7,13.3,4.36,183,12.9,1.04,13.3,116.67,#N/A,#N/A,#N/A,#N/A,#N/A,-8.1,14.4
82,MAR,Morocco,Middle East and Northern Africa,Arabic,Muslim,34664000,446300,5.172,0.806,0.676,0.65,0.394,0.082,0.042,3046.922,50.46,0.5845,7.352003941,0.445,10.075,9.01,12.83,9.66,#N/A,39.5,0.06,99.9,0,0,0,0,0.01,0.04,9.4,63.5,5.1,25,2.52,#N/A,1.42,237,0.6,1.62,#N/A,131.94,#N/A,#N/A,#N/A,#N/A,#N/A,-2.2,5.12
14,MDA,Moldova,Eastern Europe,Europe (other),Christian,4071000,32890,5.76,0.672,1.146,0.618,0.26,0.01,0.194,3571.022,51.94,0.7037,18.19294851,0.62,17.96,30.875,16.845,3.69,42.47,25.7,97.4,0.6,1.4,0,0,0,0,0.6,#N/A,42.8,5.75,20,1.26,#N/A,4.1,194,15.2,0.65,#N/A,#N/A,#N/A,#N/A,#N/A,#N/A,#N/A,-0.3,11.4
93,MDG,Madagascar,Sub-Saharan Africa,French,Christian,24234000,581800,3.744,0.266,0.774,0.436,0.178,0.064,0.194,501.642,50.15,0.7016,6.10464604,0.6,7.25,24.665,49.975,1.8,#N/A,42.6,85.3,3,6.9,0.05,0,4.5,0.1,0,41.5,38.5,5.64,35,4.24,#N/A,7.69,93,1.9,0.49,#N/A,#N/A,#N/A,#N/A,#N/A,#N/A,#N/A,-0.1,6.47
71,MEX,Mexico,Latin America and Caribbean,Spanish,Christian,121858000,1943950,6.728,1.08,1.08,0.77,0.436,0.138,0.104,9432.128,51.1,0.6917,5.892539281,0.955,8.225,6.845,8.185,4.34,17.31,45.4,95.1,0.1,4.7,0,0.07,0.06,0.02,0.06,6.2,80.7,6.09,13,2.22,20.02,29.07,163,6.5,0.8,#N/A,176.55,81,30,69,82,0,-0.7,5.76
66,MKD,North Macedonia,Eastern Europe,Europe (other),Christian,2079000,25220,5.154,0.988,1.104,0.712,0.336,0.052,0.214,5511.278,49.96,0.7013,8.711207811,0.44,7.12,12.985,21.775,26.07,15.63,34.2,59.3,39.3,1.4,0,0,0,0,0,5.6,58.5,5.97,32,1.51,32.4,1.2,112,8.1,0.49,#N/A,93.8,#N/A,#N/A,#N/A,#N/A,#N/A,-0.9,9.8
61,MLI,Mali,Sub-Saharan Africa,French,Muslim,17439000,1220190,4.22,0.362,1.104,0.2,0.336,0.094,0.174,830.656,50,0.5872,3.564229557,0.35,4.295,14.21,32.76,7.73,#N/A,33,3.2,95,0.6,0,0,1.2,0,0,24.1,43.9,4.92,22,6.15,#N/A,10.9,33,1.3,0.44,#N/A,#N/A,#N/A,#N/A,#N/A,#N/A,#N/A,-3.7,10.65
138,MLT,Malta,Southern Europe,English,Christian,434000,320,6.536,1.286,1.388,0.878,0.59,0.152,0.482,27184.868,49.96,0.6761,5.937345474,0.18,5.64,6.635,12.185,5.39,11.94,29.2,97,0.2,2.5,0.2,0,0,0,0,#N/A,94.7,7.95,41,1.37,9.4,1.59,131,8.1,0.87,#N/A,#N/A,#N/A,#N/A,#N/A,#N/A,#N/A,7.3,7.7
94,MMR,Myanmar,Southeastern Asia,Asia (other),Buddhist,52681000,653080,4.386,0.474,0.976,0.454,0.498,0.186,0.726,1334.302,51.8,#N/A,5.123643093,0.16,6.695,7.485,10.34,0.77,#N/A,30.7,7.8,4,0.5,1.7,80.1,5.8,0.2,0,19.8,31.1,3.55,24,2.2,31,2.27,171,4.8,0.57,#N/A,#N/A,#N/A,#N/A,#N/A,#N/A,#N/A,-2,8.3
100,MNE,Montenegro,Eastern Europe,Europe (other),Christian,627000,13450,5.292,1.048,1.106,0.728,0.196,0.104,0.156,7807.26,50.57,#N/A,12.31995529,0.565,9.6,19.58,30.955,17.52,21.57,39,78.1,18.7,3.2,0,0,0,0,0,5,67.5,5.65,21,1.72,#N/A,2.23,183,8,0.61,#N/A,#N/A,#N/A,#N/A,#N/A,#N/A,#N/A,-1,10.37
52,MNG,Mongolia,Eastern Asia,Asia (other),Buddhist,2998000,1553560,5.03,0.942,1.386,0.592,0.382,0.032,0.302,3935.676,50.57,0.7204,16.56344826,2.935,24.335,16.285,11.63,4.86,32.35,32.7,2.3,3.2,35.9,0,55.1,3.5,0,0,9.7,68.7,6.5,15,2.92,62,6.18,110,7.4,0.53,#N/A,#N/A,#N/A,#N/A,#N/A,#N/A,#N/A,-0.3,6.28
92,MOZ,Mozambique,Sub-Saharan Africa,Portuguese,Christian,27042000,786380,4.6025,0.1775,0.9475,0.19,0.46,0.16,0.2375,494.194,51.59,0.7349,9.185057734,0.875,11.74,38.325,78.54,25.3,#N/A,54,56.7,18,17.9,0,0,7.4,0,0,28.8,37.1,3.65,19,5.06,#N/A,3.4,63,2.4,0.52,#N/A,#N/A,#N/A,#N/A,#N/A,#N/A,#N/A,#N/A,10.03
37,MRT,Mauritania,Sub-Saharan Africa,French,Muslim,4046000,1030700,4.356,0.568,1.08,0.344,0.134,0.134,0.178,1583.566,49.89,0.581,3.993579308,0.32,3.905,14.605,35.585,9.85,#N/A,32.6,0.1,99.9,0,0,0,0,0,0,26.7,55.3,3.92,22,4.74,#N/A,9.94,53,0,0.5,#N/A,#N/A,#N/A,#N/A,#N/A,#N/A,#N/A,1.3,7.61
124,MUS,Mauritius,Sub-Saharan Africa,French,Hindu,1259000,2030,5.708,1.11,1.15,0.698,0.518,0.056,0.316,10367.75,50.47,0.6599,9.442025448,0.56,13.305,8.13,9.16,7.92,17.07,36.8,25.3,16.7,0.6,56.4,0,0.7,0.3,0,9.6,40.8,8.22,38,1.36,#N/A,2.92,203,3.6,0.71,#N/A,#N/A,#N/A,#N/A,#N/A,#N/A,#N/A,-1.9,7.7
147,MWI,Malawi,Sub-Saharan Africa,French,Christian,16745000,94280,3.884,0.144,0.434,0.33,0.456,0.078,0.272,369.182,50.73,0.7139,6.919267543,0.705,7.68,27.205,61.125,5.88,#N/A,44.7,82.7,13,2.5,0,0,1.7,0,0,23,17.4,5.5,18,4.53,#N/A,1.73,76,3.7,0.5,#N/A,#N/A,#N/A,#N/A,#N/A,#N/A,#N/A,-1,7.42
131,MYS,Malaysia,Southeastern Asia,English,Muslim,30271000,328550,5.904,1.208,1.132,0.692,0.438,0.07,0.346,10563.056,48.51,0.6518,7.163918043,0.09,7.035,14.29,30.835,3.1,#N/A,41,9.4,63.7,0.7,6,17.7,2.3,0.2,0,13.1,77.2,7.16,19,2.06,19.36,2.11,230,0.9,0.66,#N/A,169.33,104,26,50,36,0,1.7,4.88
,NAM,Namibia,Sub-Saharan Africa,English,Christian,2315000,823290,4.555,0.91,1.0975,0.385,0.4825,0.0775,0.07,5029.734,51.6,0.7094,9.807063132,0.095,13.34,21.725,26.82,19.59,#N/A,59.1,97.5,0.3,1.9,0,0,0.2,0,0,24.9,52,6.43,20,3.54,#N/A,17.14,295,9.8,0.77,#N/A,#N/A,#N/A,#N/A,#N/A,#N/A,#N/A,-3.3,8.67
57,NER,Niger,Sub-Saharan Africa,French,Muslim,20002000,1266700,4.108,0.126,0.802,0.284,0.386,0.134,0.2,524.216,49.86,#N/A,3.510501538,0.275,4.625,16.66,36.015,0.34,#N/A,34.3,0.8,98.4,0.7,0,0,0,0,0,30.2,16.6,3.29,34,7.17,#N/A,4.44,44,0.5,0.46,#N/A,#N/A,#N/A,#N/A,#N/A,#N/A,#N/A,0.2,9.15
144,NGA,Nigeria,Sub-Saharan Africa,English,Mixed,181136992,910770,5.13,0.714,1.008,0.114,0.38,0.034,0.23,2227.516,49.36,0.6469,3.902364774,0.41,4.225,14.62,45.67,4.31,#N/A,35.1,48,51,0.04,0,0.01,1,0.06,0,27.9,52,4.12,6,5.59,21.4,9.85,36,13.4,0.46,#N/A,311.39,77,20,46,54,16,-0.4,12.69
9,NIC,Nicaragua,Latin America and Caribbean,Spanish,Christian,6223000,120340,6.028,0.676,1.196,0.716,0.488,0.148,0.258,2050.006,50.71,0.7715,6.02647273,0.835,9.035,7.145,6.88,4.48,17.78,46.2,85.8,0,12.5,0,0,1.4,0.1,0,13.3,59,3.55,20,2.48,#N/A,7.37,332,5.2,0.59,#N/A,#N/A,#N/A,#N/A,#N/A,#N/A,#N/A,-4.5,5.03
121,NLD,Netherlands,Northern Europe,Europe (other),Christian,16938000,33690,7.406,1.41,1.35,0.878,0.592,0.3,0.414,49070.846,50.29,0.7608,12.21845845,0.22,11.485,18,18.855,6.87,52.63,28.5,50.6,6,42.1,0.5,0.2,0.2,0.2,0.2,#N/A,92.2,9.01,28,1.66,10.91,0.59,61,8.7,0.96,46.1,96.74,38,80,14,53,44,0.7,8.7
4,NOR,Norway,Northern Europe,Europe (other),Christian,5200000,365123.0078,7.54,1.522,1.43,0.876,0.64,0.346,0.33,75493.11,49.65,0.8417,11.06011103,0.37,12.12,15.83,13.96,4.3,42.22,27,84.7,3.7,10.1,0.5,0.6,0,0.2,0,#N/A,83,9.87,35,1.72,6.88,0.47,60,7.5,0.85,57.1,90.83,31,69,8,50,20,8.8,7.8
129,NPL,Nepal,Southern Asia,Asia (other),Hindu,27015000,143350,4.81,0.434,1.04,0.558,0.432,0.074,0.336,918.168,54.11,0.6053,7.856490727,0.635,10.935,11.785,17.955,3.1,#N/A,32.8,0.5,4.6,0.3,80.7,10.3,3.7,0.07,0,20.8,20.6,5.28,28,2.1,44.46,2.16,79,2,0.5,#N/A,#N/A,#N/A,#N/A,#N/A,#N/A,#N/A,-15.1,6.5
7,NZL,New Zealand,Australia and New Zealand,English,Christian,4615000,263310,7.312,1.318,1.44,0.894,0.618,0.4,0.434,41321.064,50.83,0.7799,11.88124812,0.63,16.495,12.845,11.67,5.37,41.67,#N/A,57,1.2,36.6,2.1,1.6,0.5,0.7,0.2,#N/A,86.7,9.26,31,1.99,7.52,0.7,201,10.7,2.04,72.8,127.5,22,79,58,49,30,4,6.87
22,OMN,Oman,Middle East and Northern Africa,Arabic,Muslim,4267000,309500,6.85,1.36,1.08,0.76,0.63,0.33,0.22,15533.498,34.79,0.6053,3.143345603,0.18,3.96,3.885,7.035,3.32,#N/A,#N/A,6.5,85.9,0.2,5.5,0.8,0,1,0,11.4,86.3,3.06,31,2.94,#N/A,0.27,36,0.8,1.7,#N/A,121.46,#N/A,#N/A,#N/A,#N/A,#N/A,48.5,2.54
81,PAK,Pakistan,Southern Asia,Asia (other),Muslim,199427008,770880,5.342,0.67,0.608,0.454,0.23,0.114,0.282,1391.424,48.53,0.5459,4.30199754,0.545,7.105,4.28,5.505,3.57,#N/A,33.5,1.6,96.4,0.01,1.9,0.01,0.02,0.01,0,28.5,37.2,4.25,29,3.66,65.81,3.88,38,0.3,0.67,#N/A,159.85,55,14,50,70,0,-1.1,7.11
25,PAN,Panama,Latin America and Caribbean,Spanish,Christian,3968000,74340,6.538,1.146,1.288,0.778,0.54,0.07,0.186,14889.642,49.85,0.7164,4.994085055,0.45,6.59,6.87,8.525,4.53,27.03,49.2,93,0.8,4.8,0,0.2,0.4,0.4,0.4,9.2,68.4,7.05,40,2.54,#N/A,9.39,401,7.9,0.72,#N/A,169.51,95,11,44,86,0,1.5,5
58,PER,Peru,Latin America and Caribbean,Spanish,Christian,30471000,1280000,5.728,0.966,1.104,0.702,0.446,0.044,0.12,6612.71,50.33,0.6787,3.116984407,0.285,4.17,4.295,6.22,3,#N/A,42.8,93,0.01,6.5,0.01,0.2,1,0.3,0,8.8,78.3,6.6,34,2.32,23.28,7.7,278,6.3,0.59,#N/A,215.46,64,16,42,87,0,-4.2,5.35
90,PHL,Philippines,Southeastern Asia,Asia (other),Christian,102113000,298170,5.386,0.794,1.154,0.538,0.594,0.112,0.18,3187.018,49.67,0.7832,5.384224818,0.255,7.38,8.315,15.57,3.04,#N/A,44.4,85,5.5,7,0,1.5,1.5,0.1,0.03,20.1,47.4,6.64,17,2.81,17.63,6.46,179,6.6,0.64,#N/A,198.33,94,32,64,44,19,-1.7,5.8
60,POL,Poland,Eastern Europe,Europe (other),Christian,38034000,306190,5.98,1.212,1.334,0.766,0.506,0.054,0.14,13984.286,51.53,0.7031,18.11042677,0.49,19.03,26.98,17.085,7.5,33.33,29.7,94.3,0,5.6,0,0,0,0,0,#N/A,60,6.62,33,1.32,18.67,0.73,195,11.6,0.8,#N/A,114.94,68,60,64,93,0,-1.7,10.4
,PRI,Puerto Rico,Latin America and Caribbean,Spanish,Christian,3382000,8870,7.04,1.36,1.08,0.78,0.47,0.12,0.22,31199.002,52.16,#N/A,7.262129402,0.11,7.155,10.5,11.205,12,#N/A,#N/A,96.7,0.1,1.9,0,0.3,0.8,0.1,0,#N/A,#N/A,#N/A,15,1.34,10.21,21.09,313,0,0.95,#N/A,160.03,#N/A,#N/A,#N/A,#N/A,#N/A,-13.9,8.08
88,PRT,Portugal,Southern Europe,Portuguese,Christian,10368000,91605.5957,5.304,1.234,1.262,0.87,0.506,0.02,0.094,21463.562,52.64,0.7056,12.49615678,0.1,7.665,16.6,31.78,12.44,70.97,33.8,93.8,0.6,4.4,0.1,0.6,0.5,0,0,#N/A,66.3,8.03,35,1.31,9.26,0.79,125,12.3,0.69,103.6,113.62,63,27,31,104,0,-2.7,10.5
53,PRY,Paraguay,Latin America and Caribbean,Spanish,Christian,6689000,397300,5.666,0.856,1.384,0.644,0.504,0.078,0.23,5525.434,49.11,0.6724,5.690833101,0.935,7.93,7.71,9.265,4.56,#N/A,46.2,96.9,0.1,1.1,0,0,1.7,0.2,0,8.3,62.2,6.24,22,2.51,#N/A,7.14,199,7.2,0.53,#N/A,#N/A,#N/A,#N/A,#N/A,#N/A,#N/A,-2.7,5.42
28,QAT,Qatar,Middle East and Northern Africa,Arabic,Muslim,2566000,11610,6.422,1.742,1.168,0.77,0.604,0.356,0.292,63008.398,23.99,0.6299,5.337030666,0.17,6.21,6.14,7.63,0.16,33.33,#N/A,13.8,67.7,0.9,13.8,3.1,0,0.7,0,#N/A,99.2,3.19,25,1.93,#N/A,0.38,53,2,2,#N/A,142.23,#N/A,#N/A,#N/A,#N/A,#N/A,54.7,1.13
86,ROU,Romania,Eastern Europe,Europe (other),Christian,19925000,230080,5.698,1.142,1.044,0.74,0.434,0.006,0.114,10936.1,51.32,0.6908,12.08517907,0.55,11.58,18.515,16.26,6.81,22.06,36,99.5,0.3,0.1,0,0,0,0,0,5,56.4,6.49,34,1.62,18.32,1.28,107,12.7,0.45,#N/A,129.76,#N/A,#N/A,#N/A,#N/A,#N/A,-3,13.2
64,RUS,Russia,Eastern Europe,Russian,Christian,144984992,16376870,5.8,1.196,1.338,0.628,0.36,0.032,0.046,10338.81,53.67,0.6983,31.17734031,1,38.59,35.35,39.675,5.57,52.17,37.5,73.3,10,16.2,0,0.1,0.2,0,0.2,5.8,74.8,3.11,38,1.78,9.85,8.21,346,11.7,0.96,#N/A,184.38,#N/A,#N/A,#N/A,#N/A,#N/A,2.5,13
154,RWA,Rwanda,Sub-Saharan Africa,English,Christian,11369000,24670,3.44,0.322,0.79,0.418,0.582,0.474,0.228,772.002,50.9,#N/A,6.210525039,0.635,6.18,24.075,60.8,1.16,#N/A,43.7,93.4,4.8,3.6,0,0,1,0.2,0,29.1,17.4,3.16,26,4.16,#N/A,2.52,511,9,0.59,#N/A,#N/A,#N/A,#N/A,#N/A,#N/A,#N/A,-2,5.6
35,SAU,Saudi Arabia,Middle East and Northern Africa,Arabic,Muslim,31718000,2149690,6.376,1.44,1.182,0.666,0.418,0.232,0.124,21557.946,43.12,0.5879,3.094039745,0.06,3.82,4.665,6.605,5.59,21.15,#N/A,4.4,93,0.7,1.1,0.3,0.3,0.3,0,8.5,84.3,1.93,30,2.51,22.5,1.3,197,0.2,1.68,#N/A,131.67,80,38,52,68,0,11.7,3.41
118,SDN,Sudan,Sub-Saharan Africa,Arabic,Muslim,38903000,,4.2425,0.605,1.07,0.3175,0.0325,0.105,0.17,1077.25,50.07,#N/A,4.111637787,0.39,7,6.15,8.325,12.78,#N/A,35.4,5.4,90.7,1,0,0,2.8,0,0,32.8,35.3,2.7,20,4.59,#N/A,5.16,52,0.5,1.39,#N/A,#N/A,#N/A,#N/A,#N/A,#N/A,#N/A,-2.9,7.43
142,SEN,Senegal,Sub-Saharan Africa,French,Muslim,14578000,192530,4.392,0.432,1.036,0.45,0.352,0.1,0.174,1352.654,51.37,0.6923,7.577820662,0.53,7.025,29.48,72.815,4.85,#N/A,40.3,5,92,0.2,0,0,2.8,0,0,17.9,48.1,5.81,32,4.84,#N/A,7.38,68,0.7,0.47,#N/A,#N/A,#N/A,#N/A,#N/A,#N/A,#N/A,-3.1,6.14
24,SGP,Singapore,Southeastern Asia,English,Mixed,5592000,709.0000153,6.542,1.592,1.23,1.016,0.554,0.466,0.304,60962.146,47.67,0.7,9.016076559,0.31,8.545,12.405,24.525,1.69,27.94,#N/A,18.2,14.3,16.4,5.2,33.9,2.3,9.7,0,#N/A,100,6.02,18,1.24,19,0.16,199,2,0.91,#N/A,147.77,74,20,48,8,48,11.8,4.8
123,SLE,Sierra Leone,Sub-Saharan Africa,English,Muslim,7172000,72180,4.56,0.318,0.844,0.05,0.342,0.068,0.246,525.496,50.17,#N/A,5.797440155,0.42,6.55,21.115,48.37,4.7,#N/A,35.7,21,78,0.1,0,0,1,0,0,30.4,42.9,4.86,18,4.56,#N/A,1.71,60,5.7,0.49,#N/A,#N/A,77,20,46,54,16,-0.6,12.63
42,SLV,El Salvador,Latin America and Caribbean,Spanish,Christian,6325000,20720,6.124,0.828,1.098,0.662,0.418,0.094,0.088,3935.348,52.98,0.6609,10.18205641,0.995,14.195,12.245,14.145,4,22.86,38.6,88.2,0.1,11,0,0,0.5,0.3,0,9.6,73.4,6.15,26,2.1,#N/A,52.02,590,3.8,0.6,#N/A,#N/A,66,19,40,94,0,-7.7,6.96
,SOM,Somalia,Sub-Saharan Africa,Arabic,Muslim,13797000,627340,5.06,0.005,0.6175,0.1525,0.6,0.285,0.26,0,50.11,#N/A,5.087263896,0.555,6.165,23.455,44.975,6.08,#N/A,#N/A,0.01,99.8,0,0,0,0,0,0,#N/A,46.1,#N/A,22,6.36,#N/A,4.31,#N/A,0,0.49,#N/A,#N/A,#N/A,#N/A,#N/A,#N/A,#N/A,-3.6,11.53
87,SRB,Serbia,Eastern Europe,Europe (other),Christian,8877000,87460,5.338,1,1.166,0.718,0.228,0.038,0.178,6454.846,50.98,0.7116,18.61624588,0.24,12.66,27.11,52.845,17.92,25.49,36.2,92.5,4.2,3.3,0,0,0,0,0,6.5,56.4,6.41,31,1.46,23.3,1.23,156,11.1,0.45,#N/A,110.26,#N/A,#N/A,#N/A,#N/A,#N/A,0.7,14.6
,SSD,South Sudan,Sub-Saharan Africa,English,Christian,10716000,,3.38,0.36,0.495,0.2,0.1175,0.1125,0.2425,223.93,49.98,#N/A,5.930095311,0.68,7.05,26.33,62.44,11.99,#N/A,46.3,60.5,20,0.5,0,0,32.9,0,0,#N/A,20.2,#N/A,32,4.94,#N/A,13.9,50,0,0.5,#N/A,#N/A,#N/A,#N/A,#N/A,#N/A,#N/A,-2,10.83
40,SUR,Suriname,Latin America and Caribbean,Europe (other),Christian,559000,156000,6.27,1.05,0.875,0.56,0.56,0.135,0.17,6517.294,49.69,0.6369,25.57791943,1.375,30.76,38.715,56.48,7.22,30.95,57.6,51.6,15.2,5.4,19.8,0.6,5.3,1.8,0.2,10.8,66.1,6.98,30,2.49,#N/A,5.5,183,5.1,0.69,#N/A,#N/A,#N/A,#N/A,#N/A,#N/A,#N/A,-1.8,7.16
45,SVK,Slovakia,Eastern Europe,Europe (other),Christian,5436000,48080,6.11,1.248,1.38,0.772,0.306,0.02,0.138,17825.316,51.41,0.6857,13.11002151,0.295,12.425,20.005,19.16,11.48,30.91,25.2,85.3,0.2,14.3,0,0,0,0,0,5,53.8,7.17,35,1.4,16.1,1.37,195,11.5,0.69,38.9,101.44,#N/A,#N/A,#N/A,#N/A,#N/A,0.4,9.9
55,SVN,Slovenia,Eastern Europe,Europe (other),Christian,2071000,20141.99951,5.89,1.26,1.362,0.852,0.58,0.048,0.21,23559.778,50.31,0.7155,20.89993348,0.74,15.995,30.67,41.105,8.96,37.5,24.2,78.4,3.6,18,0,0,0,0,0,#N/A,55.1,7.5,33,1.57,#N/A,0.48,69,12.6,0.91,58.6,103.38,#N/A,#N/A,#N/A,#N/A,#N/A,1.6,9.6
8,SWE,Sweden,Northern Europe,Europe (other),Christian,9765000,407310,7.316,1.404,1.37,0.898,0.616,0.396,0.338,52700.256,50.02,0.8129,14.32253687,0.3,14.755,20.58,19.85,7.4,44.44,28.8,76.2,4.6,27,0.2,0.4,0.2,0.2,0.1,#N/A,88,9.39,34,1.85,6.63,1.08,61,9.2,0.68,96.8,103.37,31,71,5,29,33,5.3,9.3
101,SWZ,Swaziland,Sub-Saharan Africa,English,Christian,1104000,17200,4.54,0.76,1.11,0.04,0.31,0.085,0.125,3814.662,51.79,#N/A,19.68622153,0.16,30.305,37.275,33.145,26.33,#N/A,54.6,88.1,2,10.1,0.1,0,1,0.4,0,#N/A,24.2,3.14,10,3.07,#N/A,9.5,258,9.9,0.79,#N/A,#N/A,#N/A,#N/A,#N/A,#N/A,#N/A,-7.7,11.24
156,SYR,Syria,Middle East and Northern Africa,Arabic,Muslim,17997000,183630,3.292,0.7,0.356,0.566,0.082,0.158,0.43,0,49.63,0.5661,2.608714339,0.12,3.8,4.58,6.35,#N/A,12.26,35.8,5.2,92.8,2,0,0,0,0,0,#N/A,55.5,1.43,37,2.94,32.2,0.88,60,0.3,1.5,#N/A,#N/A,#N/A,#N/A,#N/A,#N/A,#N/A,-54.7,5.77
149,TCD,Chad,Sub-Saharan Africa,French,Mixed,14111000,1259200,4.004,0.382,0.804,0.094,0.178,0.058,0.194,714.222,50.1,0.5588,5.228195238,0.47,6.54,24.66,56.195,5.66,#N/A,43.3,40.6,58,2.5,0,0,1.4,0.1,0,44.2,23.5,1.61,27,6.05,#N/A,9.04,59,1.6,0.45,#N/A,#N/A,#N/A,#N/A,#N/A,#N/A,#N/A,1.5,12.77
158,TGO,Togo,Sub-Saharan Africa,French,Muslim,7323000,54390,3.544,0.268,0.322,0.288,0.362,0.104,0.178,629.794,50.31,#N/A,7.471346328,0.415,8.525,27.675,52.99,1.84,#N/A,43.1,43.7,20,6.2,0,0,35.6,0.6,0,23.9,42.8,3.3,22,4.52,#N/A,9,66,3.1,0.48,#N/A,#N/A,#N/A,#N/A,#N/A,#N/A,#N/A,#N/A,8.84
34,THA,Thailand,Southeastern Asia,Asia (other),Buddhist,68715000,510890,6.286,1.052,1.314,0.716,0.568,0.03,0.492,6706.172,51.16,0.6928,12.06088838,0.285,14.43,13.48,17.5,0.6,25.45,36.4,0.9,5.5,0.3,0.1,93.2,0.09,0,0,9.7,51.4,6.32,19,1.54,24.25,3.24,531,8.3,0.81,#N/A,172,64,20,34,64,56,0.5,7.39
106,TJK,Tajikistan,Central Asia,Asia (other),Muslim,8454000,138790,5.1,0.472,1.032,0.59,0.41,0.122,0.232,847.014,49.55,0.6682,5.261639483,0.54,7.915,7.805,7.685,10.36,10.37,34,1.6,96.7,1.5,0,0,0,0,0,#N/A,27.5,1.93,#N/A,3.62,#N/A,1.61,121,3.3,0.47,#N/A,#N/A,#N/A,#N/A,#N/A,#N/A,#N/A,-3.4,5.2
70,TKM,Turkmenistan,Central Asia,Asia (other),Muslim,5565000,469930,5.584,1.048,1.366,0.52,0.416,0.184,0.218,5275.192,50.76,#N/A,8.833288489,0.655,13.36,8.55,9.985,3.58,#N/A,40.8,6.4,93,0.5,0,0,0,0,0,11.8,52.5,1.72,#N/A,2.93,#N/A,4.22,552,5.4,0.52,#N/A,#N/A,#N/A,#N/A,#N/A,#N/A,#N/A,-1.9,7.1
41,TTO,Trinidad and Tobago,Latin America and Caribbean,English,Christian,1370000,5130,6.178,1.27,1.304,0.586,0.526,0.014,0.266,17022.244,50.54,0.7166,11.21422544,0.7,14.715,12.755,12.6,3.39,34.92,40.3,65.9,6,1.9,22.7,0.3,1.9,1.4,0,9.1,53.2,7.16,24,1.77,#N/A,30.88,292,8.4,0.73,#N/A,#N/A,#N/A,#N/A,#N/A,#N/A,#N/A,-0.6,8.07
107,TUN,Tunisia,Middle East and Northern Africa,Arabic,Muslim,11180000,155360,4.728,0.938,0.762,0.692,0.246,0.07,0.05,3559.436,50.43,#N/A,3.305262023,0.185,3.775,4.13,10.065,15.22,0,32.8,0.2,99.5,0.2,0,0,0,0,0.1,6.2,69.6,6.72,16,2.25,#N/A,3.05,195,1.9,1.69,#N/A,#N/A,#N/A,#N/A,#N/A,#N/A,#N/A,-2.8,6.3
76,TUR,Turkey,Middle East and Northern Africa,Asia (other),Muslim,78529000,769630,5.414,1.15,1.182,0.704,0.258,0.12,0.082,10139.134,50.78,0.6081,3.568761736,0.4,4.66,4.065,5.415,10.24,21.33,41.9,0.4,98,1.2,0,0.05,0.03,0.2,0.03,5,76.1,4.09,26.5,2.1,20.62,2.59,324,2,1.52,41,195.99,66,37,45,85,0,4.7,5.4
146,TZA,Tanzania,Sub-Saharan Africa,English,Mixed,51483000,885800,3.466,0.442,0.94,0.396,0.388,0.086,0.31,1020.47,50.09,0.6928,4.828982331,0.545,4.985,19.33,46.86,2.12,#N/A,40.5,61.4,35.2,1.4,0.1,0,1.8,0.07,0,28.6,35.2,5.16,37,5.08,#N/A,6.95,59,9.4,0.51,#N/A,#N/A,64,27,41,52,25,-1,7.16
141,UGA,Uganda,Sub-Saharan Africa,English,Christian,38225000,200520,4.02,0.318,1.066,0.288,0.43,0.062,0.28,772.42,50.88,0.7086,5.212061073,0.535,5.77,25.195,69.82,1.9,#N/A,42.8,86.7,11.5,0.5,0.3,0,0.9,0.1,0,30.6,25,5.02,28,5.39,29.1,10.42,124,9.5,0.54,#N/A,#N/A,#N/A,#N/A,#N/A,#N/A,#N/A,-1.7,7.35
111,UKR,Ukraine,Eastern Europe,Russian,Christian,44922000,579290,4.306,0.834,1.28,0.638,0.168,0.018,0.2,2741.784,53.74,0.6935,33.66279135,1.24,43.03,34.63,35.91,9.14,41.79,26.1,83.8,1.2,14.7,0,0,0,0,0,5,69.6,5.9,37,1.51,16.6,6.2,148,8.6,0.7,#N/A,145.84,#N/A,#N/A,#N/A,#N/A,#N/A,0.6,14.9
32,URY,Uruguay,Latin America and Caribbean,Spanish,Christian,3412000,175020,6.432,1.134,1.316,0.782,0.574,0.19,0.17,16358.23,51.77,0.6803,19.87375755,0.65,21.19,27.415,38.515,7.49,0,39.7,57.9,0.1,40.7,0,0,0.8,0.3,0.3,5,95.5,8.38,25,2,#N/A,12.06,295,10.8,0.94,#N/A,139.31,61,36,38,100,0,-1.8,9.44
15,USA,United States,North America,English,Christian,320878016,9147420,6.998,1.456,1.33,0.82,0.508,0.142,0.354,60533.23,50.54,0.7392,14.83627494,0.82,16.9,20.35,19.12,5.28,44.62,41.4,78.3,1.1,16.4,0.6,1.2,0.2,0.6,1.8,#N/A,82.7,7.96,0,1.84,9.04,4.96,655,9.8,3.26,#N/A,152.2,40,91,62,46,29,3.2,8.44
44,UZB,Uzbekistan,Central Asia,Asia (other),Muslim,30930000,425400,6.046,0.726,1.434,0.594,0.656,0.268,0.328,2052.664,50.19,#N/A,9.534245054,1.745,13.4,11.86,11.345,7.94,14.1,35.3,2.3,96.7,0.8,0,0,0,0,0,10.7,50.4,2.01,15,2.49,41.2,1.1,150,2.7,0.48,#N/A,#N/A,#N/A,#N/A,#N/A,#N/A,#N/A,-0.4,4.9
23,VEN,Venezuela,Latin America and Caribbean,Spanish,Christian,30082000,882050,5.532,1.052,1.324,0.686,0.212,0.07,0.058,0,50.29,0.706,8.908768842,0.535,12.655,9.525,12.32,6.82,36.36,46.9,89.3,0.3,10,0,0,0.2,0.07,0,16.9,88.3,2.88,15,2.34,#N/A,36.69,178,5.6,0.63,#N/A,155.42,81,12,73,76,0,-2.9,6.41
75,VNM,Vietnam,Southeastern Asia,Asia (other),Folk Religion,92677000,310070,5.154,0.724,1.14,0.722,0.576,0.092,0.196,2384.962,50.15,0.6863,7.701290558,0.13,7.93,14.28,21.32,2.12,7.02,35.7,8.2,0.2,29.6,0.16,16.4,45.3,0.4,0,15.3,37.3,3.08,22,2.01,34.06,1.52,128,8.4,0.68,#N/A,110.26,#N/A,#N/A,#N/A,#N/A,#N/A,-0.9,6.13
69,XKX,Kosovo,Eastern Europe,Europe (other),Muslim,,,5.606,0.878,1.014,0.61,0.318,0.042,0.282,4053.212,0,#N/A,#N/A,#N/A,#N/A,#N/A,#N/A,#N/A,#N/A,29,11.4,87,1.6,0,0,0,0,0,#N/A,#N/A,#N/A,32,2.09,23.5,2.4,95,0,#N/A,#N/A,#N/A,#N/A,#N/A,#N/A,#N/A,#N/A,#N/A,7
136,YEM,Yemen,Middle East and Northern Africa,Arabic,Muslim,26498000,527970,3.626,0.49,0.864,0.364,0.244,0.068,0.096,855.946,49.6,0.5128,4.739257368,0.365,8.335,7.13,8.775,13.81,#N/A,36.7,0.2,99.1,0.1,0.6,0,0,0,0,45.9,36.6,1.95,37,4.1,#N/A,6.66,53,0.1,1.4,#N/A,#N/A,#N/A,#N/A,#N/A,#N/A,#N/A,-0.6,5.97
113,ZAF,South Africa,Sub-Saharan Africa,English,Christian,55386000,1213090,4.674,0.978,1.256,0.292,0.428,0.072,0.126,5903.092,50.64,0.751,10.7608265,0.045,13.725,18.265,20.555,25.16,17.14,63,81.2,2,14.9,1.7,0.2,0.4,0.3,0.1,14,67.4,7.24,27,2.48,21.56,36.4,275,9.3,0.96,#N/A,191.72,49,65,63,49,0,3.5,9.77
85,ZMB,Zambia,Sub-Saharan Africa,English,Christian,15879000,743390,4.586,0.572,0.934,0.306,0.462,0.096,0.22,1400.184,50.52,0.6312,6.601500107,0.705,7.615,28.8,66.685,7.75,#N/A,57.1,97.6,1,0.5,0.1,0,0.3,0.9,0,38.1,44.6,5.09,31,4.92,#N/A,5.3,123,4.8,0.51,#N/A,#N/A,64,27,41,52,25,-0.7,7.17
115,ZWE,Zimbabwe,Sub-Saharan Africa,English,Christian,13815000,386850,4.006,0.346,1.004,0.274,0.324,0.092,0.17,1521.11,52.45,#N/A,18.17790823,0.23,25.655,50.06,86.905,5.09,#N/A,44.3,87,1,7.9,0,0,3.8,0.3,0.08,34.4,32.2,3.16,33,3.9,#N/A,6.67,114,4.8,0.77,#N/A,#N/A,#N/A,#N/A,#N/A,#N/A,#N/A,-9.4,8.67
