Overall rank,Country Code,Country,Region,Languages,Religion,Population,Area (km2),2015 Happiness Score,2016 Happiness Score,2017 Happiness Score,2018 Happiness Score,2019 Happiness Score,2015 GDP,2016 GDP,2017 GDP,2018 GDP,2019 GDP,2015 Family,2016 Family,2017 Family,2018 Family,2019 Family,2015 Health ,2016 Health ,2017 Health ,2018 Health ,2019 Health ,2015 Freedom,2016 Freedom,2017 Freedom,2018 Freedom,2019 Freedom,2015 Corruption,2016 Corruption,2017 Corruption,2018 Corruption,2019 Corruption,2015 Generosity,2016 Generosity,2017 Generosity,2018 Generosity,2019 Generosity,2015 GDP per Cap,2016 GDP per Cap,2017 GDP per Cap,2018 GDP per Cap,2019 GDP per Cap,Gender Ratio %,Gender Gap,2015 Suicide per 100k,2016 Suicide per 100k,2015 Suicide 5-14 years,2016 Suicide 5-14 years,2015Suicide 15-49 years,2016 Suicide 15-49 years,2015 Suicide  50-69 years,2016 Suicide  50-69 years,2015 Suicide 70+ years,2016 Suicide 70+ years,Unemployment (%),Divorce Rate per 100k,GINI,Christian,Muslim,Irreligion,Hindu,Buddhist,Folk religion,Other religion,Jewish,Hunger (rate),Urbanization (rate),Democracy (value),Holiday (Paid Days),Fertility (per woman),Air Quality (Value),Homicide per 100k,Prison (per 100k),Alchool (per cap),Drugs Usage (per cap),Antidepressants (per cap),Congestion (Per capita),Power Distance,Individualism,Masculinity,Uncertainity Avoidance,Long Term Orientation,Net Migration,Mortality
153,AFG,Afghanistan,Southern Asia,Asia (other),Muslim,34414000,652860,3.58,3.36,3.79,3.63,3.20,0.32,0.38,0.40,0.33,0.35,0.30,0.11,0.58,0.54,0.52,0.30,0.17,0.18,0.26,0.36,0.23,0.16,0.11,0.09,0.00,0.10,0.07,0.06,0.04,0.03,0.37,0.31,0.31,0.19,0.16,578.47,547.23,556.30,524.16,502.12,48.61,#N/A,5.29,5.269431907,0.32,0.32,8.79,8.72,16.94,16.44,22.36,22.28,8.86,#N/A,#N/A,0.1,99.7,0,0.03,0,0,0.06,0,33.8,26,2.85,35,4.98,58.8,6.66,87,0.2,2.54,#N/A,#N/A,#N/A,#N/A,#N/A,#N/A,#N/A,3.3,6.93
137,AGO,Angola,Sub-Saharan Africa,Portuguese,Christian,27884000,1246700,4.03,3.87,3.80,3.80,,0.76,0.85,0.86,0.73,,0.86,0.66,1.10,1.13,,0.17,0.05,0.05,0.27,,0.10,0.01,0.00,0.00,,0.07,0.08,0.07,0.06,,0.12,0.12,0.10,0.08,,4166.98,3506.07,4095.81,3289.65,2973.59,50.54,0.6659,6.24,6.150227854,0.54,0.49,7.83,7.63,26.98,26.77,55.19,54.89,7.28,#N/A,51.3,90.5,1,5.1,0,0,4.2,0,0,29.8,66.8,3.72,33,5.77,15.9,4.85,93,6.4,0.51,#N/A,#N/A,#N/A,#N/A,#N/A,#N/A,#N/A,1.4,9.05
95,ALB,Albania,Eastern Europe,Europe (other),Muslim,2891000,27400,4.96,4.66,4.64,4.59,4.72,0.88,0.96,1.00,0.92,0.95,0.80,0.50,0.80,0.82,0.85,0.81,0.73,0.73,0.79,0.87,0.36,0.32,0.38,0.42,0.38,0.06,0.05,0.04,0.03,0.03,0.14,0.17,0.20,0.15,0.18,3952.80,4124.06,4531.02,5284.38,5352.86,49.09,0.6412,5.89,5.880684958,0.66,0.63,7.01,6.99,6.36,6.31,10.01,10.01,17.08,24.36,33.2,18,80.3,1.4,0,0,0,0.2,0,7,62.1,5.89,32,1.68,#N/A,2.29,177,7.5,0.51,#N/A,#N/A,#N/A,#N/A,#N/A,#N/A,#N/A,-9.4,7.37
20,ARE,United Arab Emirates,Middle East and Northern Africa,Arabic,Muslim,9263000,71020,6.90,6.57,6.65,6.77,6.83,1.43,1.57,1.63,2.10,1.50,1.13,0.87,1.27,0.78,1.31,0.81,0.73,0.73,0.67,0.83,0.64,0.56,0.61,0.28,0.60,0.39,0.36,0.32,N/A,0.18,0.26,0.27,0.36,0.19,0.26,38663.38,38141.85,40644.80,43839.36,43103.32,29.60,0.6372,6.11,6.130195611,0.10,0.10,6.75,6.75,8.97,9.01,9.00,8.89,1.93,25.00,32.5,12.6,76.9,1.1,6.6,2,0,0.8,0,#N/A,87,2.76,32,1.54,38.94,0.5,104,3.8,2.99,#N/A,170.89,80,38,52,68,0,6.1,1.38
30,ARG,Argentina,Latin America and Caribbean,Spanish,Christian,43075000,2736690,6.57,6.65,6.60,6.39,6.09,1.05,1.15,1.19,1.07,1.09,1.25,1.07,1.44,1.47,1.43,0.79,0.70,0.70,0.74,0.88,0.45,0.42,0.49,0.57,0.47,0.08,0.07,0.06,0.05,0.05,0.11,0.11,0.11,0.06,0.07,13789.06,12790.24,14591.86,11683.95,10006.15,51.27,0.7195,11.26,11.34309011,0.80,0.78,14.32,14.29,13.76,14.03,19.95,20.30,7.15,#N/A,41.4,85.2,1,12.2,0,0.05,0.8,0.3,0.5,5,92.1,7.02,25,2.30,14.6,5.32,230,9.8,0.99,#N/A,172.79,49,46,56,86,0,0.1,7.64
127,ARM,Armenia,Central Asia,Europe (other),Christian,2926000,28470,4.35,4.36,4.38,4.32,4.56,0.77,0.86,0.90,0.82,0.85,0.78,0.62,1.01,0.99,1.06,0.73,0.64,0.64,0.67,0.82,0.20,0.14,0.20,0.26,0.28,0.04,0.04,0.03,0.03,0.06,0.08,0.08,0.08,0.08,0.10,3607.30,3591.83,3914.50,4220.49,4622.73,52.99,0.6634,10.16,10.15270726,0.29,0.30,8.50,8.33,14.35,14.71,35.01,34.99,18.26,16.67,34.4,98.5,0,1.3,0,0,0,0.1,0,7.8,63.3,5.54,36,1.74,25.51,1.69,76,5.5,0.50,#N/A,#N/A,#N/A,#N/A,#N/A,#N/A,#N/A,-2.1,9.82
10,AUS,Australia,Australia and New Zealand,English,Christian,23932000,7692020,7.28,7.31,7.28,7.27,7.23,1.33,1.44,1.48,1.34,1.37,1.31,1.10,1.51,1.57,1.55,0.93,0.85,0.84,0.91,1.04,0.65,0.57,0.60,0.65,0.56,0.36,0.32,0.30,0.30,0.29,0.44,0.47,0.48,0.36,0.33,56755.72,49971.13,54066.47,57395.92,54907.10,50.17,0.739,13.00,12.77858243,0.39,0.39,16.36,16.07,15.60,15.25,15.11,15.00,6.06,43.48,34.4,67,2.8,24.2,1.2,2.7,0.7,0.8,0.5,#N/A,86.2,9.09,30,1.81,8,0.89,170,10.6,2.17,106.7,148.25,36,90,61,51,31,8.6,6.60
13,AUT,Austria,Northern Europe,German,Christian,8679000,82522.99805,7.20,7.12,7.01,7.14,7.25,1.34,1.45,1.49,1.34,1.38,1.30,1.08,1.46,1.50,1.48,0.89,0.81,0.82,0.89,1.02,0.62,0.54,0.57,0.62,0.53,0.19,0.21,0.22,0.22,0.23,0.33,0.33,0.32,0.24,0.24,44178.05,45237.81,47549.08,51525.05,50277.28,51.04,0.7437,16.90,16.41906282,0.31,0.26,13.25,12.79,22.12,21.43,37.43,36.81,5.72,35.29,29.7,80.4,5.4,13.5,0,0.2,0,0.1,0.2,#N/A,58.7,8.29,38,1.49,12.17,0.97,98,11.6,0.91,60.5,80.52,11,55,79,70,0,6.3,9.60
80,AZE,Azerbaijan,Central Asia,Europe (other),Muslim,9623000,82670,5.21,5.29,5.23,5.20,5.21,1.02,1.12,1.15,1.02,1.04,0.94,0.76,1.15,1.16,1.15,0.64,0.55,0.54,0.60,0.77,0.37,0.35,0.40,0.43,0.35,0.16,0.18,0.18,0.18,0.18,0.08,0.06,0.05,0.03,0.04,5500.31,3880.74,4147.09,4739.84,4793.59,50.24,0.6582,4.36,4.255361752,0.28,0.26,5.01,4.86,6.61,6.52,10.53,10.59,4.96,15.46,26.6,3,96.9,0,0,0,0,0,0,7.4,56.4,2.75,40,1.94,#N/A,2.2,235,0.8,0.48,#N/A,162.23,#N/A,#N/A,#N/A,#N/A,#N/A,0.2,5.70
157,BDI,Burundi,Sub-Saharan Africa,French,Christian,10160000,25680,2.91,2.91,2.90,2.91,3.78,0.02,0.07,0.09,0.09,0.05,0.42,0.23,0.63,0.63,0.45,0.22,0.16,0.15,0.15,0.38,0.12,0.04,0.06,0.07,0.22,0.10,0.09,0.08,0.08,0.18,0.20,0.20,0.20,0.15,0.18,305.55,282.19,293.00,271.75,261.25,50.49,0.7397,6.46,6.400913494,0.65,0.62,7.39,7.28,28.63,28.46,63.89,63.18,1.57,#N/A,38.6,91.5,10,0,0,0,5.7,0,0,#N/A,13.7,2.15,30,5.70,#N/A,6.02,85,7.5,0.50,#N/A,#N/A,#N/A,#N/A,#N/A,#N/A,#N/A,-1.5,8.52
19,BEL,Belgium,Northern Europe,Europe (other),Christian,11288000,30280,6.94,6.93,6.89,6.93,6.92,1.31,1.43,1.46,1.32,1.36,1.29,1.05,1.46,1.48,1.50,0.90,0.82,0.82,0.89,0.99,0.58,0.51,0.54,0.58,0.47,0.23,0.26,0.25,0.24,0.21,0.22,0.24,0.23,0.19,0.16,40991.81,41998.34,44288.51,47491.32,46116.70,50.84,0.7684,19.62,19.01998865,0.31,0.25,19.14,18.51,28.42,27.29,29.78,29.27,8.48,53.85,27.4,64.25,5.9,29,0,0.2,0.2,0,0.3,#N/A,98.1,7.64,30,1.70,12.52,1.7,95,12.1,0.82,79,146.77,65,75,54,94,0,4.7,9.80
155,BEN,Benin,Sub-Saharan Africa,French,Christian,10576000,112760,3.34,3.48,3.66,4.14,4.88,0.29,0.39,0.43,0.38,0.39,0.35,0.10,0.44,0.37,0.44,0.32,0.21,0.21,0.24,0.40,0.48,0.40,0.43,0.44,0.35,0.08,0.07,0.06,0.07,0.08,0.18,0.20,0.21,0.16,0.18,1076.80,1087.29,1136.59,1240.83,1219.43,50.17,0.5885,6.05,6.002643498,0.40,0.39,7.10,6.98,25.17,24.91,55.39,54.79,2.63,#N/A,47.8,48,28,6,0,0,18,0,0,24,48.4,5.09,37,5.05,#N/A,1.1,68,3,0.50,#N/A,#N/A,#N/A,#N/A,#N/A,#N/A,#N/A,-0.9,9.33
152,BFA,Burkina Faso,Sub-Saharan Africa,French,Muslim,18111000,273600,3.59,3.74,4.03,4.42,4.59,0.26,0.32,0.35,0.31,0.33,0.85,0.63,1.04,1.10,1.06,0.27,0.21,0.22,0.25,0.38,0.39,0.33,0.32,0.31,0.26,0.13,0.13,0.12,0.13,0.11,0.22,0.24,0.25,0.18,0.18,653.33,687.67,738.27,820.16,774.84,50.20,0.6513,7.11,7.158632568,0.54,0.54,8.23,8.28,29.35,29.59,64.68,63.97,6.49,#N/A,35.3,22.5,62,0.4,0,0,15.4,0,0,25.8,30.6,4.04,45,5.44,#N/A,1.3,39,8.2,0.44,#N/A,#N/A,#N/A,#N/A,#N/A,#N/A,#N/A,-1.5,8.82
109,BGD,Bangladesh,Southern Asia,Asia (other),Muslim,156256000,130170,4.69,4.64,4.61,4.50,4.46,0.40,0.54,0.59,0.53,0.56,0.43,0.25,0.74,0.85,0.93,0.60,0.53,0.53,0.58,0.72,0.41,0.40,0.48,0.58,0.53,0.13,0.13,0.12,0.14,0.14,0.21,0.19,0.17,0.15,0.17,1248.45,1401.62,1563.91,1698.35,1855.74,49.30,0.6848,6.05,5.918207352,1.63,1.57,8.39,8.16,6.73,6.47,11.13,10.98,4.43,#N/A,32.4,0.2,90,0.05,9.1,0.5,0.4,0.02,0,25.8,38.2,5.88,21,2.12,83.3,2.37,52,0,0.51,#N/A,271.69,#N/A,#N/A,#N/A,#N/A,#N/A,-3,5.55
134,BGR,Bulgaria,Eastern Europe,Europe (other),Christian,7200000,108560,4.22,4.22,4.71,4.93,5.01,1.01,1.11,1.16,1.05,1.09,1.11,0.93,1.43,1.52,1.51,0.77,0.68,0.71,0.71,0.82,0.31,0.21,0.29,0.36,0.31,0.01,0.01,0.01,0.01,0.00,0.12,0.13,0.11,0.06,0.08,7053.60,7545.79,8331.06,9423.56,9737.60,51.36,0.7097,13.63,13.88260995,0.46,0.43,9.97,10.18,17.83,18.29,30.93,30.78,9.14,39.47,40.4,82.1,13.7,4.2,0,0,0,0,0,5,75.7,7.03,32,1.53,25.49,1.3,125,12.7,0.70,#N/A,103.15,#N/A,#N/A,#N/A,#N/A,#N/A,#N/A,15.30
49,BHR,Bahrain,Middle East and Northern Africa,Arabic,Muslim,1372000,778.0000305,5.96,6.22,6.09,6.11,6.20,1.32,1.44,1.49,1.34,1.36,1.22,0.94,1.32,1.37,1.37,0.75,0.66,0.65,0.70,0.87,0.45,0.47,0.54,0.59,0.54,0.31,0.26,0.26,0.12,0.11,0.17,0.17,0.17,0.24,0.26,22688.94,22619.12,23709.43,23991.06,23503.98,38.28,0.6334,5.07,5.004994506,0.12,0.11,6.30,6.20,5.85,5.88,8.24,8.26,1.21,#N/A,#N/A,14.5,70.3,1.9,9.8,2.5,0,0.2,0.6,#N/A,89.5,2.55,44,2.06,46.8,0.52,234,1.9,1.72,#N/A,#N/A,#N/A,#N/A,#N/A,#N/A,#N/A,6.4,2.35
96,BIH,Bosnia and Herzegovina,Eastern Europe,Europe (other),Muslim,3429000,51200,4.95,5.16,5.18,5.13,5.39,0.83,0.93,0.98,0.92,0.95,0.92,0.64,1.07,1.08,1.21,0.79,0.71,0.71,0.76,0.85,0.09,0.10,0.20,0.28,0.21,0.00,0.00,0.00,0.00,0.01,0.25,0.30,0.33,0.22,0.26,4727.28,4994.68,5394.59,6072.18,6073.27,50.97,#N/A,9.23,9.1920232,0.56,0.56,7.83,7.77,12.14,11.99,21.79,21.66,27.69,12.50,33,52.3,45.2,2.5,0,0,0,0,0,5,49,4.86,29,1.30,34.58,1.17,73,6.4,0.43,#N/A,89.98,#N/A,#N/A,#N/A,#N/A,#N/A,-14.5,10.31
59,BLR,Belarus,Eastern Europe,Europe (other),Christian,9439000,202988.0078,5.81,5.80,5.57,5.48,5.32,1.03,1.13,1.16,1.04,1.07,1.23,1.05,1.44,1.50,1.47,0.74,0.63,0.64,0.70,0.79,0.38,0.29,0.30,0.31,0.24,0.19,0.17,0.16,0.15,0.14,0.11,0.14,0.16,0.10,0.09,5949.11,5022.63,5761.75,6330.08,6663.30,53.47,#N/A,25.32,24.55810179,0.64,0.57,25.51,24.22,34.91,34.34,39.60,40.11,0.49,44.57,25.2,71.2,0.2,28.6,0,0,0,0,0,5,79.5,2.48,29,1.72,#N/A,2.39,343,11.2,0.78,#N/A,109.39,#N/A,#N/A,#N/A,#N/A,#N/A,1.5,12.60
,BLZ,Belize,Latin America and Caribbean,English,Christian,361000,22810,,5.96,5.96,5.96,,,0.88,0.91,0.81,,,0.69,1.08,1.10,,,0.46,0.45,0.47,,,0.51,0.55,0.59,,,0.11,0.10,0.09,,,0.24,0.24,0.18,,4775.96,4818.40,4887.58,4884.73,4815.16,50.09,0.6449,6.64,6.950128765,0.24,0.23,8.77,9.16,12.42,12.58,18.13,18.39,9.97,#N/A,53.3,87.6,0.1,8.9,0.2,0.5,1.5,0.1,1,#N/A,46,#N/A,27,2.44,#N/A,37.9,356,6.8,0.83,#N/A,#N/A,#N/A,#N/A,#N/A,#N/A,#N/A,4.4,4.62
51,BOL,Bolivia,Latin America and Caribbean,Spanish,Christian,10870000,1083300,5.89,5.82,5.82,5.75,5.78,0.68,0.79,0.83,0.75,0.78,0.98,0.84,1.23,1.22,1.21,0.54,0.47,0.47,0.51,0.71,0.57,0.51,0.56,0.61,0.51,0.09,0.08,0.06,0.05,0.06,0.21,0.22,0.23,0.14,0.14,3035.97,3076.66,3351.12,3548.59,3552.07,49.74,0.734,5.83,5.804751725,0.61,0.59,7.02,6.97,12.33,12.25,15.94,15.90,3.07,#N/A,42.2,93.9,0.1,4.1,0,0,0.9,1,0,15.4,70.1,4.84,26,2.89,#N/A,6.3,158,4.8,0.90,#N/A,#N/A,#N/A,#N/A,#N/A,#N/A,#N/A,-1.1,6.89
16,BRA,Brazil,Latin America and Caribbean,Portuguese,Christian,204472000,8358140,6.98,6.95,6.64,6.42,6.30,0.98,1.09,1.11,0.99,1.00,1.23,1.04,1.43,1.47,1.44,0.70,0.61,0.62,0.68,0.80,0.49,0.40,0.44,0.49,0.39,0.18,0.14,0.11,0.09,0.09,0.15,0.16,0.16,0.11,0.10,8814.00,8710.10,9925.39,9001.23,8717.19,50.77,0.6949,6.47,6.60976526,0.43,0.43,7.99,8.12,8.88,9.04,9.83,9.93,8.44,21.21,53.9,95.9,0.8,7.9,0,0.1,2.8,0.2,0.06,5,87.1,6.86,22,1.75,15.77,27.38,348,7.8,1.05,#N/A,177.06,69,38,49,76,65,0,6.25
79,BTN,Bhutan,Southern Asia,Asia (other),Buddhist,728000,38143.99902,5.25,5.20,5.01,5.08,5.08,0.77,0.85,0.89,0.80,0.81,1.10,0.91,1.34,1.34,1.32,0.57,0.50,0.50,0.53,0.60,0.53,0.46,0.50,0.54,0.46,0.15,0.16,0.17,0.17,0.17,0.48,0.49,0.47,0.36,0.37,2752.66,2930.56,3286.57,3243.23,0.00,47.24,0.6651,5.16,5.145627532,0.28,0.27,6.03,5.97,10.75,10.68,17.48,17.45,2.45,#N/A,37.4,0.5,0.2,0,22.6,74.7,1.9,0,0,#N/A,42.3,5.3,0,2.04,#N/A,1.19,145,0.6,0.53,#N/A,#N/A,#N/A,#N/A,#N/A,#N/A,#N/A,0.1,6.26
128,BWA,Botswana,Sub-Saharan Africa,English,Christian,2121000,566730,4.33,3.97,3.77,3.59,3.49,0.99,1.09,1.12,1.02,1.04,1.10,0.89,1.22,1.17,1.15,0.05,0.35,0.34,0.42,0.54,0.49,0.44,0.51,0.56,0.46,0.12,0.11,0.10,0.09,0.10,0.10,0.12,0.10,0.04,0.03,6799.88,7243.85,7893.21,8279.60,7961.34,51.85,0.6752,8.87,8.779032173,0.09,0.09,11.20,11.04,18.03,17.59,29.59,29.14,17.01,#N/A,53.3,72.1,0.4,20.6,0.3,0,6,0.6,0,23.6,70.9,7.81,29,2.97,#N/A,15.04,208,8.4,0.75,#N/A,#N/A,#N/A,#N/A,#N/A,#N/A,#N/A,-7.1,6.26
148,CAF,Central African Republic,Sub-Saharan Africa,French,Christian,4493000,622980,3.68,,2.69,3.08,3.08,0.08,,0.00,0.02,0.03,0.00,,0.00,0.00,0.00,0.07,,0.02,0.01,0.11,0.49,,0.27,0.31,0.23,0.08,,0.06,0.04,0.04,0.24,,0.28,0.22,0.24,377.42,402.19,450.90,475.95,467.91,50.45,#N/A,11.12,11.16730581,0.80,0.80,13.56,13.45,40.07,39.84,55.83,55.23,6.39,#N/A,56.2,89.5,15,1,0,0,1,0,0,53.6,42.2,1.32,24,4.94,#N/A,19.76,16,3.3,0.51,#N/A,#N/A,#N/A,#N/A,#N/A,#N/A,#N/A,-17.8,13.62
5,CAN,Canada,North America,English,Christian,36027000,9093510,7.43,7.40,7.32,7.33,7.28,1.33,1.44,1.48,1.33,1.37,1.32,1.10,1.48,1.53,1.51,0.91,0.83,0.83,0.90,1.04,0.63,0.57,0.61,0.65,0.58,0.33,0.31,0.29,0.29,0.31,0.46,0.45,0.44,0.32,0.29,43585.51,42322.48,45148.55,46313.17,46194.73,50.41,0.7425,13.37,13.04455777,0.89,0.87,16.03,15.64,17.23,16.80,12.37,12.26,6.91,47.73,33.8,72,2.8,23.7,1.4,0.8,1.2,0.9,1,#N/A,81.6,9.22,16,1.56,7.72,1.76,107,8.9,2.23,99.6,140.45,#N/A,#N/A,#N/A,#N/A,#N/A,7.1,7.40
1,CHE,Switzerland,Northern Europe,Europe (other),Christian,8297000,39516.00098,7.59,7.51,7.49,7.49,7.48,1.40,1.53,1.56,1.42,1.45,1.35,1.15,1.52,1.55,1.53,0.94,0.86,0.86,0.93,1.05,0.67,0.59,0.62,0.66,0.57,0.42,0.41,0.37,0.36,0.34,0.30,0.28,0.29,0.26,0.26,82081.60,80172.23,80449.99,82818.11,81993.73,50.51,0.7736,13.97,13.34087313,0.26,0.25,11.08,10.42,20.06,18.96,28.76,28.04,4.80,40.00,32.7,81.3,5.5,11.9,0.4,0.4,0,0.1,0.3,#N/A,73.9,9.03,27,1.54,10.89,0.59,81,11.5,1.01,#N/A,93.85,34,68,70,58,0,9.9,8.20
27,CHL,Chile,Latin America and Caribbean,Spanish,Christian,17969000,743532.0313,6.67,6.71,6.65,6.48,6.44,1.11,1.22,1.25,1.13,1.16,1.12,0.91,1.28,1.33,1.37,0.86,0.82,0.82,0.81,0.92,0.44,0.38,0.38,0.43,0.36,0.13,0.11,0.08,0.06,0.06,0.33,0.32,0.33,0.20,0.19,13574.17,13753.59,14999.37,15924.79,14896.45,50.78,0.667,11.38,11.46765003,0.58,0.56,13.62,13.69,14.67,14.74,17.30,17.37,6.51,21.21,44.4,89.4,0.1,8.6,0,0.06,1.5,0.2,0.1,5,87.7,8.08,30,1.75,22.63,4.4,232,9.3,1.24,41.4,128.07,63,23,28,86,0,1.9,5.92
84,CHN,China,Eastern Asia,Chinese,Atheist,1406848000,9388210,5.14,5.25,5.27,5.25,5.19,0.89,1.03,1.08,0.99,1.03,0.95,0.79,1.16,1.14,1.13,0.82,0.74,0.74,0.80,0.89,0.52,0.44,0.47,0.60,0.52,0.03,0.03,0.02,0.10,0.10,0.08,0.05,0.03,0.03,0.06,8066.94,8147.94,8879.44,9976.68,10261.68,48.64,0.6908,9.14,9.098328145,0.75,0.73,5.84,5.74,14.35,14.08,39.59,38.64,4.61,44.44,38.5,5.1,1.8,52.2,0,18.2,21.9,0.7,0,6.5,61.4,2.26,16,1.67,39.12,0.53,120,7.2,1.08,#N/A,160.05,80,20,66,40,118,-0.2,7.11
151,CIV,Ivory Coast,Sub-Saharan Africa,French,Mixed,23226000,318000,3.66,3.92,4.18,4.67,4.94,0.47,0.56,0.60,0.54,0.57,0.77,0.58,0.90,0.87,0.81,0.15,0.04,0.05,0.08,0.23,0.47,0.41,0.45,0.47,0.35,0.18,0.16,0.13,0.10,0.09,0.20,0.20,0.20,0.15,0.15,1972.55,2013.38,2111.03,2302.61,2286.16,49.42,0.5814,7.81,7.745392217,0.68,0.66,8.73,8.59,31.11,30.70,72.11,71.35,2.66,#N/A,41.5,44.1,43.2,8,0,0,10.2,0.2,0,24.9,51.7,4.05,34,4.81,#N/A,11.63,82,8.4,0.50,#N/A,#N/A,#N/A,#N/A,#N/A,#N/A,#N/A,-0.7,10.77
133,CMR,Cameroon,Sub-Saharan Africa,French,Christian,23298000,472710,4.25,4.51,4.70,4.98,5.04,0.42,0.52,0.56,0.54,0.55,0.89,0.63,0.95,0.89,0.91,0.23,0.13,0.13,0.18,0.33,0.49,0.43,0.43,0.45,0.38,0.06,0.06,0.05,0.04,0.04,0.21,0.23,0.24,0.18,0.19,1327.50,1364.33,1425.11,1534.49,1497.91,50.04,0.656,7.90,7.875655999,0.52,0.53,9.17,9.07,31.55,31.12,69.18,68.28,4.30,#N/A,46.6,70.3,30,5.3,0,0,3.3,2.7,0,22.6,57.6,2.85,18,4.78,#N/A,1.4,124,8.9,0.58,#N/A,#N/A,#N/A,#N/A,#N/A,#N/A,#N/A,-0.3,10.05
120,COD,Congo (Kinshasa),Sub-Saharan Africa,French,Christian,76245000,2267050,4.52,4.27,4.28,4.25,4.42,0.00,0.06,0.09,0.07,0.09,1.00,0.81,1.23,1.14,1.13,0.10,0.19,0.19,0.20,0.36,0.23,0.16,0.24,0.31,0.27,0.08,0.06,0.06,0.05,0.05,0.25,0.25,0.25,0.20,0.21,497.32,471.32,467.07,557.06,545.22,50.13,#N/A,6.63,6.657360458,0.51,0.50,8.02,7.99,26.16,26.24,47.76,47.80,3.71,#N/A,42.1,95.8,15,1.8,0.05,0,0.7,0.1,0,#N/A,45.6,1.13,12,6.20,32.1,13.55,29,2.6,0.51,#N/A,#N/A,#N/A,#N/A,#N/A,#N/A,#N/A,0,10.16
139,COG,Congo (Brazzaville),Sub-Saharan Africa,French,Christian,4856000,341500,3.99,4.24,4.29,4.56,4.81,0.68,0.77,0.81,0.68,0.67,0.66,0.48,0.83,0.81,0.80,0.31,0.28,0.29,0.34,0.51,0.41,0.38,0.44,0.51,0.37,0.12,0.10,0.08,0.08,0.09,0.12,0.12,0.12,0.09,0.11,1762.03,1815.30,1767.89,2223.85,2011.07,50.11,#N/A,9.13,9.222821542,0.59,0.59,10.09,10.06,31.40,31.53,58.76,58.71,10.02,#N/A,48.9,85.9,2,9,0,0,2.8,1.1,0,#N/A,67.8,3.11,26,4.59,#N/A,9.32,27,7.8,0.56,#N/A,#N/A,#N/A,#N/A,#N/A,#N/A,#N/A,-2.6,7.18
33,COL,Colombia,Latin America and Caribbean,Spanish,Christian,47521000,1109500,6.48,6.48,6.36,6.26,6.13,0.92,1.03,1.07,0.96,0.99,1.24,1.02,1.40,1.44,1.41,0.69,0.60,0.60,0.64,0.84,0.53,0.45,0.48,0.53,0.47,0.05,0.05,0.05,0.04,0.03,0.18,0.16,0.15,0.10,0.10,6175.88,5871.22,6377.85,6718.59,6432.39,50.99,0.7171,5.66,5.748188764,0.93,0.90,7.88,8.00,6.26,6.31,7.27,7.36,8.24,30.43,50.4,86,0.2,11,0.01,0.01,1,2,0.01,6.7,81.4,7.13,33,1.86,14.61,25.34,246,5.8,1.10,#N/A,196.41,67,13,64,80,0,-0.8,5.41
140,COM,Comoros,Sub-Saharan Africa,French,Muslim,777000,1861.000061,3.96,3.96,,,3.97,0.24,0.28,,,0.27,0.79,0.60,,,0.76,0.36,0.30,,,0.51,0.23,0.15,,,0.14,0.20,0.18,,,0.08,0.17,0.18,,,0.28,1242.60,1273.06,1323.81,1415.96,1393.52,49.57,#N/A,5.95,6.011380374,0.55,0.54,5.65,5.60,17.77,17.85,40.73,40.79,4.34,#N/A,45.3,0.2,99.8,0,0,0,0,0,0,#N/A,29.4,3.15,25,4.42,#N/A,7.7,27,0.9,0.50,#N/A,#N/A,#N/A,#N/A,#N/A,#N/A,#N/A,-2.7,7.49
12,CRI,Costa Rica,Latin America and Caribbean,Spanish,Christian,4848000,51060,7.23,7.09,7.08,7.07,7.17,0.96,1.07,1.11,1.01,1.03,1.24,1.02,1.42,1.46,1.44,0.86,0.76,0.76,0.82,0.96,0.63,0.55,0.58,0.63,0.56,0.11,0.11,0.10,0.10,0.09,0.25,0.23,0.21,0.14,0.14,11299.14,11666.46,11814.63,12112.13,12238.37,49.97,0.7241,8.02,8.440168963,0.53,0.55,10.40,10.81,10.74,11.51,8.80,9.43,9.26,47.17,48,90.9,0.1,7.9,0,0,0.8,0.3,0,5,80.8,8.13,19,1.81,10.4,11.26,374,4.8,0.77,#N/A,#N/A,35,15,21,86,0,0.8,4.86
67,CYP,Cyprus,Southern Europe,Europe (other),Christian,1161000,9240,5.69,5.55,5.62,5.76,6.05,1.21,1.32,1.36,1.23,1.26,0.89,0.71,1.13,1.19,1.22,0.92,0.85,0.84,0.91,1.04,0.41,0.30,0.36,0.42,0.41,0.06,0.05,0.04,0.04,0.04,0.31,0.28,0.27,0.20,0.19,23333.71,24532.52,26338.69,28689.71,27858.37,49.92,0.6801,5.64,5.583201885,0.06,0.06,6.78,6.70,6.78,6.68,6.14,6.10,14.92,30.67,31.4,73.2,25.3,1.2,0,0.2,0,0,0,#N/A,66.8,7.59,34,1.35,19.72,1.26,86,10.8,0.57,#N/A,108.24,#N/A,#N/A,#N/A,#N/A,#N/A,4,6.84
31,CZE,Czech Republic,Eastern Europe,Europe (other),Atheist,10601000,77220,6.51,6.60,6.61,6.71,6.85,1.18,1.31,1.35,1.23,1.27,1.21,1.01,1.43,1.49,1.49,0.84,0.76,0.75,0.85,0.92,0.46,0.41,0.49,0.54,0.46,0.03,0.04,0.04,0.03,0.04,0.11,0.10,0.09,0.06,0.05,17715.62,18463.39,20379.90,23046.95,23101.78,50.87,0.677,14.80,14.45013433,0.28,0.27,14.24,13.95,20.11,19.54,24.31,23.70,5.05,50.00,24.9,23.3,0,76.4,0,0,0,0,0,#N/A,74.1,7.69,33,1.57,14.45,0.6,197,14.4,0.95,57.1,92.7,57,58,57,74,0,1.1,10.50
26,DEU,Germany,Northern Europe,German,Christian,81787000,349360,6.75,6.99,6.95,6.97,6.99,1.33,1.45,1.49,1.34,1.37,1.30,1.10,1.47,1.47,1.45,0.89,0.81,0.80,0.86,0.99,0.61,0.53,0.56,0.59,0.50,0.22,0.29,0.28,0.28,0.27,0.28,0.30,0.34,0.27,0.26,41139.54,42098.92,44349.59,47639.00,46258.88,50.82,0.7583,14.37,14.6646703,0.25,0.24,11.30,11.45,18.53,18.94,27.90,28.93,4.62,40.00,31.9,68.7,5.8,24.7,0,0.3,0,0.1,0.3,#N/A,77.5,8.68,30,1.50,11.01,0.95,77,13.4,0.89,56.5,106.2,35,67,66,65,31,4.8,11.30
126,DJI,Djibouti,Sub-Saharan Africa,French,Muslim,914000,23180,4.37,,,,,0.44,,,,,0.59,,,,,0.36,,,,,0.46,,,,,0.28,,,,,0.18,,,,,2658.98,2802.20,2914.38,3141.89,3408.85,47.14,#N/A,5.42,5.450478865,0.54,0.53,5.32,5.29,18.61,18.55,42.05,42.44,5.86,#N/A,44.6,2.3,96.9,0.2,0,0,0.3,0,0.2,30.9,#N/A,2.77,35,2.91,#N/A,6.48,66,0.5,0.52,#N/A,#N/A,#N/A,#N/A,#N/A,#N/A,#N/A,1.4,7.84
3,DNK,Denmark,Northern Europe,Europe (other),Christian,5689000,41990,7.53,7.53,7.52,7.56,7.60,1.33,1.44,1.48,1.35,1.38,1.36,1.16,1.55,1.59,1.57,0.87,0.80,0.79,0.87,1.00,0.65,0.58,0.63,0.68,0.59,0.48,0.44,0.40,0.41,0.41,0.34,0.36,0.36,0.28,0.25,53254.86,54664.00,57141.06,61390.69,59822.09,50.27,0.7779,11.65,11.92815646,0.10,0.09,9.67,9.91,17.80,18.07,22.26,22.44,6.17,55.56,28.7,83.5,4.1,11.8,0.4,0.2,0,0,0,#N/A,88.1,9.22,36,1.71,9.6,1.01,63,10.4,0.88,77,87.98,18,74,16,23,0,3.8,9.20
98,DOM,Dominican Republic,Latin America and Caribbean,Spanish,Christian,10282000,48310,4.89,5.16,5.23,5.30,5.43,0.90,1.03,1.08,0.98,1.02,1.17,0.99,1.40,1.44,1.40,0.67,0.58,0.57,0.61,0.78,0.58,0.52,0.55,0.58,0.50,0.14,0.12,0.11,0.11,0.10,0.22,0.21,0.19,0.12,0.11,6921.52,7280.88,7609.34,8050.63,8282.12,49.94,0.6867,8.66,8.894096385,0.49,0.48,9.93,10.17,15.62,15.87,22.99,23.24,5.92,40.91,43.7,88,0.1,10.9,0,0,0.9,0.1,0,9.2,82.5,6.54,23,2.41,#N/A,10.05,237,6.9,0.66,#N/A,#N/A,#N/A,#N/A,#N/A,#N/A,#N/A,-3.1,6.08
68,DZA,Algeria,Middle East and Northern Africa,Arabic,Muslim,39728000,2381740,5.61,6.36,5.87,5.30,5.21,0.94,1.05,1.09,0.98,1.00,1.08,0.83,1.15,1.15,1.16,0.62,0.62,0.62,0.69,0.79,0.29,0.21,0.23,0.08,0.09,0.17,0.16,0.15,0.14,0.11,0.08,0.07,0.07,0.06,0.07,4177.89,3946.44,4044.28,4114.72,3948.34,49.50,0.5966,4.39,4.271593578,0.40,0.37,6.22,6.03,4.35,4.33,7.82,7.78,11.20,15.84,27.6,1,98,0,0,0,0.2,0,0.8,10.3,73.7,4.01,41,3.04,21.2,1.36,151,0.9,1.71,#N/A,#N/A,#N/A,#N/A,#N/A,#N/A,#N/A,-0.8,4.72
48,ECU,Ecuador,Latin America and Caribbean,Spanish,Christian,16212000,248360,5.98,5.98,6.01,5.97,6.03,0.86,0.97,1.00,0.89,0.91,1.00,0.86,1.29,1.33,1.31,0.79,0.69,0.69,0.74,0.87,0.49,0.40,0.46,0.56,0.50,0.18,0.18,0.14,0.12,0.09,0.12,0.10,0.15,0.11,0.13,6124.49,6060.09,6213.50,6295.94,6183.82,49.94,0.7389,9.50,9.372029881,2.29,2.17,13.25,12.97,10.69,10.68,14.23,13.89,3.62,19.64,45.4,94.1,0.01,5.5,0,0,0.3,0,0,11.3,64.2,6.33,23,2.50,8.6,5.8,233,4.4,0.67,#N/A,155.87,78,8,63,67,0,-0.5,5.10
135,EGY,Egypt,Middle East and Northern Africa,Arabic,Muslim,92443000,995450,4.19,4.36,4.74,4.42,4.17,0.88,0.95,0.99,0.89,0.91,0.75,0.50,1.00,1.03,1.04,0.62,0.52,0.52,0.55,0.64,0.17,0.19,0.28,0.31,0.24,0.06,0.10,0.11,0.11,0.07,0.11,0.13,0.13,0.09,0.08,3598.97,3525.02,2440.51,2549.13,3020.03,49.46,0.5935,4.84,4.896087974,0.32,0.31,7.19,7.31,6.84,6.88,9.89,9.99,13.05,17.27,31.5,11.2,88.9,0,0,0,0,0,0.1,14.6,42.8,3.06,28,3.44,18,2.51,116,0.4,1.46,#N/A,237.95,80,38,52,68,0,-0.6,5.97
36,ESP,Spain,Southern Europe,Spanish,Christian,46672000,499563.9844,6.33,6.36,6.40,6.31,6.35,1.23,1.34,1.38,1.25,1.29,1.31,1.13,1.53,1.54,1.48,0.96,0.88,0.89,0.97,1.06,0.46,0.38,0.41,0.45,0.36,0.06,0.06,0.07,0.07,0.08,0.18,0.18,0.19,0.14,0.15,25732.02,26505.34,28170.43,30337.68,29613.67,50.90,0.7266,8.45,8.145383246,0.13,0.12,7.09,6.70,11.44,11.04,17.33,16.80,22.06,56.76,34.7,78.6,2.1,19,0.04,0,0.04,0.02,0.1,#N/A,80.8,8.29,36,1.33,9.74,0.62,124,10,1.45,75.5,107.31,57,51,42,86,0,-2.2,9.10
73,EST,Estonia,Northern Europe,Europe (other),Christian,1315000,43470,5.43,5.52,5.61,5.74,5.89,1.15,1.28,1.32,1.20,1.24,1.23,1.05,1.48,1.53,1.53,0.77,0.68,0.70,0.74,0.87,0.45,0.42,0.48,0.55,0.50,0.15,0.19,0.18,0.17,0.16,0.09,0.08,0.10,0.09,0.10,17522.23,18237.30,20388.21,23258.47,23659.87,53.23,0.6997,17.05,16.83080328,0.62,0.53,16.18,16.16,23.80,23.28,27.16,26.67,6.19,50.00,30.4,39.9,0.2,59.6,0,0,0,0,0.1,5,69.2,7.9,31,1.58,6.15,2.12,187,11.6,1.13,28.8,85.67,#N/A,#N/A,#N/A,#N/A,#N/A,-1.6,11.60
122,ETH,Ethiopia,Sub-Saharan Africa,African (other),Mixed,100835000,1000000,4.51,4.51,4.46,4.35,4.29,0.19,0.29,0.34,0.31,0.34,0.60,0.38,0.86,0.95,1.03,0.44,0.35,0.35,0.39,0.53,0.43,0.37,0.41,0.45,0.34,0.15,0.17,0.17,0.15,0.10,0.24,0.30,0.31,0.22,0.21,640.54,717.12,768.52,771.52,857.50,50.01,0.6198,5.02,4.970920819,0.66,0.64,5.62,5.50,20.66,20.33,53.24,52.98,4.97,#N/A,35,54,42.6,0.06,0,0,2.6,0,1,28.9,21.7,3.44,25,4.57,20.1,7.56,127,2.9,0.49,#N/A,#N/A,64,27,41,52,25,0.8,7.02
6,FIN,Finland,Northern Europe,Europe (other),Christian,5481000,303910,7.41,7.41,7.47,7.63,7.77,1.29,1.41,1.44,1.31,1.34,1.32,1.13,1.54,1.59,1.59,0.89,0.81,0.81,0.87,0.99,0.64,0.57,0.62,0.68,0.60,0.41,0.41,0.38,0.39,0.39,0.23,0.25,0.25,0.20,0.15,42784.70,43784.28,46316.75,50021.29,48685.85,50.78,0.8421,15.29,15.46414791,0.29,0.32,17.28,17.32,19.93,20.29,17.87,18.23,9.38,55.56,27.4,81.6,0.8,17.6,0,0,0,0,0,#N/A,85.5,9.25,36,1.65,5.63,1.63,53,10.7,0.93,67.6,90.83,33,63,26,59,0,3,9.60
29,FRA,France,Southern Europe,French,Christian,64453000,547556.9922,6.58,6.48,6.44,6.49,6.59,1.28,1.39,1.43,1.29,1.32,1.26,1.01,1.39,1.47,1.47,0.95,0.84,0.84,0.91,1.05,0.55,0.47,0.47,0.52,0.44,0.21,0.18,0.17,0.18,0.18,0.12,0.12,0.13,0.10,0.11,36638.18,37037.37,38812.16,41631.09,40493.93,51.55,0.7089,17.42,16.91810154,0.26,0.25,16.14,15.41,23.94,23.19,33.88,33.40,10.36,54.29,31.6,63,7.5,28,0.05,0.5,0.3,0.2,0.5,#N/A,81,8.12,36,1.96,12.34,1.2,105,12.6,1.20,49.8,126.99,68,71,43,86,0,1.3,8.90
143,GAB,Gabon,Sub-Saharan Africa,French,Christian,1948000,257670,3.90,4.12,4.47,4.76,4.80,1.06,1.16,1.20,1.04,1.06,0.91,0.72,1.16,1.16,1.18,0.43,0.35,0.36,0.40,0.57,0.32,0.28,0.31,0.36,0.30,0.11,0.09,0.08,0.05,0.06,0.07,0.06,0.04,0.03,0.04,7384.72,6984.45,7230.40,7956.63,7667.37,49.08,#N/A,9.25,9.270929204,0.57,0.55,8.77,8.63,30.17,30.14,52.35,52.75,20.00,#N/A,38,76.5,11.2,5.6,0,0,6,0.7,0,15.8,90.1,3.61,34,4.06,#N/A,8.04,241,11.5,0.57,#N/A,#N/A,#N/A,#N/A,#N/A,#N/A,#N/A,11.2,7.45
21,GBR,United Kingdom,Northern Europe,English,Christian,65860000,241930,6.87,6.73,6.71,7.19,7.05,1.27,1.40,1.44,1.24,1.33,1.29,1.09,1.50,1.43,1.54,0.91,0.81,0.81,0.89,1.00,0.60,0.50,0.51,0.46,0.45,0.32,0.27,0.27,0.08,0.28,0.52,0.50,0.49,0.26,0.35,44974.83,41064.13,40361.42,43043.23,42300.27,50.71,0.744,8.59,8.691069597,0.08,0.08,10.72,10.89,10.85,10.96,8.38,8.39,5.30,40.91,34.8,71.1,4.4,21.3,1.3,0.4,0.3,0.8,0.5,#N/A,83.9,8.52,28,1.80,10.53,1.2,140,11.5,1.70,100.1,133.37,35,89,66,35,25,4,9.20
130,GEO,Georgia,Eastern Europe,Europe (other),Christian,4024000,69490,4.30,4.25,4.29,4.34,4.52,0.74,0.84,0.95,0.85,0.89,0.39,0.19,0.57,0.59,0.67,0.73,0.64,0.65,0.64,0.75,0.41,0.32,0.31,0.38,0.35,0.38,0.32,0.25,0.22,0.16,0.06,0.07,0.05,0.04,0.04,4014.19,4062.17,4357.00,4722.79,4769.19,52.24,0.675,9.37,9.335981095,0.30,0.29,8.42,8.56,13.44,13.44,21.96,21.07,11.96,18.84,36.4,88.5,10.7,0.7,0,0,0,0,0,9.2,59.5,5.42,39,2.05,20.1,2.22,262,9.8,0.48,#N/A,123.28,#N/A,#N/A,#N/A,#N/A,#N/A,-4.7,13.06
114,GHA,Ghana,Sub-Saharan Africa,English,Christian,27849000,227540,4.63,4.28,4.12,4.66,5.00,0.55,0.63,0.67,0.59,0.61,0.68,0.49,0.87,0.90,0.87,0.40,0.30,0.30,0.34,0.49,0.42,0.41,0.42,0.50,0.38,0.04,0.03,0.03,0.03,0.04,0.23,0.21,0.26,0.21,0.25,1743.85,1931.39,2025.93,2202.31,2202.12,49.35,0.6811,6.31,6.370326078,0.42,0.44,6.42,6.47,21.66,21.60,46.79,46.78,2.15,#N/A,43.5,74.9,17.8,4.2,0,0,4.9,0.2,0,14,57.3,6.63,28,4.04,30.3,2.1,52,2.7,0.62,#N/A,#N/A,77,20,46,54,16,-0.4,7.66
150,GIN,Guinea,Sub-Saharan Africa,French,Muslim,11432000,245720,3.66,3.61,3.51,3.96,4.53,0.17,0.22,0.24,0.34,0.38,0.46,0.31,0.79,0.79,0.83,0.24,0.19,0.19,0.21,0.38,0.38,0.31,0.35,0.39,0.33,0.12,0.12,0.11,0.09,0.09,0.29,0.30,0.26,0.19,0.21,769.26,732.97,856.57,983.31,1064.13,52.11,#N/A,6.47,6.385795215,0.39,0.39,6.98,6.87,25.97,25.83,55.45,55.28,4.53,#N/A,33.7,10.9,84.4,1.8,0,0,2.7,0,0,27.4,36.5,3.14,33,4.93,#N/A,8.82,28,1.3,0.45,#N/A,#N/A,#N/A,#N/A,#N/A,#N/A,#N/A,-5.4,9.34
,GMB,Gambia,Sub-Saharan Africa,French,Muslim,2086000,10120,,,,,4.52,,,,,0.31,,,,,0.94,,,,,0.43,,,,,0.38,,,,,0.17,,,,,0.27,649.51,684.00,676.66,712.51,751.29,50.39,#N/A,5.57,5.5872157,0.35,0.35,6.11,6.11,22.08,22.02,46.84,47.01,9.42,#N/A,35.9,4.5,95.1,0,0,0,0.1,0,0,21.8,62.6,4.33,21,5.39,#N/A,9.13,31,3.8,0.49,#N/A,#N/A,#N/A,#N/A,#N/A,#N/A,#N/A,-1.6,8.33
102,GRC,Greece,Southern Europe,Europe (other),Christian,10660000,128900,4.86,5.03,5.23,5.36,5.29,1.15,1.25,1.29,1.15,1.18,0.93,0.75,1.24,1.20,1.16,0.88,0.80,0.81,0.88,1.00,0.08,0.06,0.10,0.13,0.07,0.01,0.04,0.04,0.04,0.03,0.00,0.00,0.00,0.00,0.00,18167.77,18116.46,18930.22,20324.31,19582.54,50.91,0.6782,5.12,5.007864759,0.08,0.07,4.57,4.43,7.20,6.95,8.15,8.05,24.90,21.74,34.4,88.1,5.3,6.1,0.1,0,0.1,0,0,#N/A,79.7,7.43,29,1.33,22.5,0.94,95,10.4,0.55,48.1,132.79,60,35,57,112,0,-3,11.20
43,GTM,Guatemala,Latin America and Caribbean,Spanish,Christian,16252000,107160,6.12,6.32,6.45,6.38,6.44,0.75,0.83,0.87,0.78,0.80,1.04,0.87,1.26,1.27,1.27,0.64,0.54,0.54,0.61,0.75,0.58,0.50,0.53,0.60,0.54,0.09,0.09,0.08,0.07,0.08,0.27,0.29,0.28,0.18,0.18,3994.64,4173.30,4451.45,4472.89,4619.99,50.81,0.6304,5.00,5.428167811,0.35,0.35,7.72,8.32,6.07,6.68,7.21,7.80,2.70,31.58,48.3,95.2,0.1,4.1,0,0,0.6,0.07,0,20.6,51.8,5.26,25,3.03,20.2,22.5,143,2.5,0.68,#N/A,#N/A,95,6,37,101,0,-0.6,4.83
72,HKG,Hong Kong,Eastern Asia,English,Atheist,7186000,1050,5.47,5.46,5.47,5.43,5.43,1.39,1.51,1.55,1.41,1.44,1.06,0.87,1.26,1.29,1.28,1.01,0.95,0.94,1.03,1.12,0.60,0.48,0.49,0.52,0.44,0.37,0.32,0.29,0.29,0.29,0.39,0.40,0.37,0.25,0.26,42431.89,43731.11,46165.86,48542.89,48755.84,53.61,#N/A,#N/A,#N/A,#N/A,#N/A,#N/A,#N/A,#N/A,#N/A,#N/A,#N/A,3.30,#N/A,#N/A,14.3,1.8,56.1,0.4,13.2,12.8,1.5,0,#N/A,#N/A,6.02,19,1.20,20.3,0.65,106,0,#N/A,#N/A,144.57,68,25,57,29,96,2.1,6.30
105,HND,Honduras,Latin America and Caribbean,Spanish,Christian,9113000,111890,4.79,4.87,5.18,5.50,5.86,0.60,0.69,0.73,0.62,0.64,0.95,0.76,1.14,1.21,1.24,0.70,0.58,0.58,0.62,0.83,0.40,0.27,0.35,0.46,0.51,0.07,0.07,0.07,0.07,0.08,0.23,0.20,0.24,0.20,0.25,2302.20,2342.58,2453.73,2505.78,2574.91,50.07,0.6773,3.70,3.710257809,0.21,0.20,5.02,4.99,6.68,6.68,13.23,13.22,4.59,#N/A,52.1,87.6,0.1,10.5,0,0.1,1.1,0.6,0,12.9,58.4,5.42,19,2.58,#N/A,38.93,229,4,0.70,#N/A,#N/A,#N/A,#N/A,#N/A,#N/A,#N/A,-0.7,4.42
62,HRV,Croatia,Eastern Europe,Europe (other),Christian,4233000,55960,5.76,5.49,5.29,5.32,5.43,1.08,1.19,1.22,1.12,1.16,0.80,0.61,0.97,1.16,1.27,0.79,0.71,0.70,0.74,0.91,0.26,0.24,0.26,0.38,0.30,0.02,0.04,0.04,0.04,0.02,0.05,0.18,0.25,0.12,0.12,11782.90,12360.48,13412.34,14920.19,14853.24,51.91,0.7069,17.75,16.74753006,0.42,0.40,12.45,11.54,25.74,24.21,39.15,37.39,16.18,34.69,30.4,93.4,1.4,5.1,0,0,0,0,0,5,57.6,6.57,33,1.40,19.09,0.58,79,8.9,0.73,#N/A,100.73,#N/A,#N/A,#N/A,#N/A,#N/A,-1.8,12.90
119,HTI,Haiti,Latin America and Caribbean,French,Christian,10696000,27560,4.52,4.03,3.60,3.58,3.60,0.27,0.34,0.37,0.32,0.32,0.74,0.30,0.64,0.71,0.69,0.39,0.27,0.28,0.29,0.45,0.24,0.12,0.03,0.03,0.03,0.17,0.14,0.10,0.10,0.11,0.46,0.48,0.49,0.39,0.42,815.73,735.30,765.73,868.34,754.59,50.64,#N/A,7.10,7.08612955,0.47,0.46,9.39,9.33,15.32,15.30,21.93,21.89,14.05,#N/A,41.1,86.9,0.1,10.6,0,0,2.2,0.3,0,34.7,57.1,4.57,27,3.10,#N/A,6.68,80,5.8,0.63,#N/A,#N/A,#N/A,#N/A,#N/A,#N/A,#N/A,-2.9,8.89
104,HUN,Hungary,Eastern Europe,Europe (other),Christian,9778000,90530,4.80,5.15,5.32,5.62,5.76,1.12,1.24,1.29,1.17,1.20,1.20,0.93,1.34,1.40,1.41,0.76,0.68,0.69,0.73,0.83,0.32,0.20,0.18,0.26,0.20,0.03,0.04,0.04,0.02,0.02,0.13,0.10,0.08,0.06,0.08,12651.57,12992.38,14457.61,16150.77,16475.74,52.48,0.6742,23.20,21.24693578,0.33,0.33,17.85,16.02,36.79,33.31,42.01,40.10,6.81,37.74,30.6,81,0,18.6,0,0,0,0,0.1,#N/A,71.9,6.63,33,1.45,14.57,2.5,173,11.4,0.72,28.8,127.14,46,55,88,82,0,#N/A,13.40
74,IDN,Indonesia,Southeastern Asia,Asia (other),Muslim,258383008,1811570,5.40,5.31,5.26,5.09,5.19,0.83,0.95,1.00,0.90,0.93,1.09,0.88,1.27,1.22,1.20,0.64,0.49,0.49,0.52,0.66,0.47,0.39,0.44,0.54,0.49,0.00,0.00,0.02,0.02,0.03,0.52,0.57,0.61,0.48,0.50,3331.70,3562.85,3837.65,3893.85,4135.57,49.64,0.6613,3.07,3.071163043,0.19,0.19,3.94,3.90,4.21,4.21,8.11,8.11,4.51,#N/A,39,9.9,87.2,0.1,1.7,0.7,0.3,0.1,0,20.1,56.6,6.48,27,2.39,51.71,0.4,99,0.8,0.58,#N/A,195.8,78,14,46,48,0,-0.4,6.42
117,IND,India,Southern Asia,Hindi,Hindu,1310151936,2973190,4.57,4.40,4.32,4.19,4.02,0.64,0.74,0.79,0.72,0.76,0.38,0.29,0.75,0.75,0.77,0.52,0.45,0.46,0.49,0.59,0.40,0.40,0.47,0.54,0.50,0.08,0.09,0.09,0.09,0.09,0.26,0.25,0.23,0.17,0.20,1605.61,1732.56,1981.65,2005.86,2104.15,48.00,0.6551,15.17,15.29948526,1.05,1.03,21.02,20.98,20.60,20.84,28.30,28.68,3.49,#N/A,37.8,2.5,14.4,0.07,79.5,0.8,0.5,2.3,0,30.3,34.9,6.9,27,2.30,58.08,3.08,34,5.7,0.52,#N/A,206.74,77,48,56,40,61,-0.4,7.19
18,IRL,Ireland,Northern Europe,English,Christian,4652000,68890,6.94,6.91,6.98,6.98,7.02,1.34,1.48,1.54,1.45,1.50,1.37,1.16,1.56,1.58,1.55,0.90,0.81,0.81,0.88,1.00,0.62,0.54,0.57,0.61,0.52,0.29,0.30,0.30,0.31,0.31,0.46,0.45,0.43,0.31,0.30,61995.42,63197.08,69822.35,78621.23,78660.96,50.51,0.7823,9.76,9.34910098,0.22,0.21,12.42,11.81,14.39,13.88,7.32,7.18,9.40,14.89,32.8,92,1.1,6.2,0.2,0.2,0.2,0,0,#N/A,63.7,9.24,29,1.85,10.6,0.87,79,13,1.05,#N/A,150.41,28,70,68,35,0,-4.9,6.40
110,IRN,Iran,Middle East and Northern Africa,Persian,Muslim,78492000,1628760,4.69,4.81,4.69,4.71,4.55,1.01,1.12,1.16,1.06,1.10,0.54,0.39,0.71,0.77,0.84,0.70,0.64,0.64,0.69,0.79,0.30,0.23,0.25,0.46,0.31,0.06,0.06,0.05,0.13,0.13,0.38,0.39,0.39,0.28,0.27,4904.33,5253.42,5520.31,0.00,0.00,49.38,0.5842,6.08,5.942140396,0.48,0.45,8.39,8.19,5.47,5.42,9.01,9.10,11.06,14.29,40.8,1.5,87.6,3.1,0.02,0,0,7.8,0,7.9,75.9,2.38,53,2.04,24.27,2.47,294,1,2.01,#N/A,216.09,58,41,43,59,0,-1.3,4.81
112,IRQ,Iraq,Middle East and Northern Africa,Arabic,Muslim,35572000,434128.0078,4.68,4.58,4.50,4.46,4.44,0.99,1.07,1.10,1.01,1.04,0.82,0.59,0.98,0.97,0.98,0.60,0.51,0.50,0.54,0.57,0.00,0.25,0.29,0.30,0.24,0.14,0.14,0.11,0.10,0.09,0.18,0.20,0.20,0.15,0.15,4989.80,4776.73,5205.29,5834.17,5955.11,49.44,#N/A,3.67,3.516009011,0.14,0.13,5.82,5.52,5.80,5.58,7.29,7.10,8.09,#N/A,29.5,0.8,99,0.1,0,0,0,0.06,0,18.7,70.9,3.74,20,3.97,39.6,10.08,126,0.4,1.66,#N/A,#N/A,80,38,52,68,0,8,4.97
2,ISL,Iceland,Northern Europe,Europe (other),Christian,330000,100250,7.56,7.50,7.50,7.50,7.49,1.30,1.43,1.48,1.34,1.38,1.40,1.18,1.61,1.64,1.62,0.95,0.87,0.83,0.91,1.03,0.63,0.57,0.63,0.68,0.59,0.14,0.15,0.15,0.14,0.12,0.44,0.48,0.48,0.35,0.35,52564.43,61466.80,71310.94,72968.70,66944.83,49.83,0.8731,12.02,12.07564711,0.28,0.26,11.57,11.54,15.96,16.10,30.77,30.42,3.98,36.73,26.8,95,0.2,3.5,0.3,0.4,0.5,0.2,0,#N/A,93.9,9.58,38,1.80,5.55,0.89,37,9.1,0.70,141.4,91.18,#N/A,#N/A,#N/A,#N/A,#N/A,-1.3,6.60
11,ISR,Israel,Middle East and Northern Africa,Europe (other),Jewish,7978000,21640,7.28,7.27,7.21,6.81,7.14,1.23,1.34,1.38,1.30,1.28,1.22,1.00,1.38,1.56,1.46,0.91,0.85,0.84,0.88,1.03,0.41,0.36,0.41,0.53,0.37,0.08,0.09,0.09,0.27,0.08,0.33,0.32,0.33,0.35,0.26,35776.80,37321.62,40541.86,41719.73,43641.40,50.41,0.7032,6.22,6.091208729,0.20,0.19,6.93,6.87,9.95,9.57,16.03,15.31,5.25,27.69,39,2,18.6,3.1,0,0.3,0.2,0.1,75.6,#N/A,92.6,7.86,21,3.09,20.83,1.36,234,3.8,0.70,49.2,150.29,13,54,47,81,0,0.5,5.30
50,ITA,Italy,Southern Europe,Europe (other),Christian,60578000,294140,5.95,5.98,5.96,6.00,6.22,1.25,1.35,1.40,1.26,1.29,1.20,1.04,1.44,1.50,1.49,0.95,0.85,0.85,0.95,1.04,0.26,0.19,0.26,0.28,0.23,0.03,0.03,0.03,0.03,0.03,0.23,0.17,0.17,0.14,0.16,30230.23,30939.71,32406.72,34520.09,33189.57,51.48,0.6885,7.61,7.246671141,0.13,0.12,6.26,5.84,9.91,9.39,14.10,13.62,11.90,47.06,35.9,83.3,3.7,12.4,0.1,0.2,0.1,0.1,0.08,#N/A,71,7.52,32,1.35,17.09,0.57,101,7.5,1.22,40.3,133.82,50,76,70,75,0,5.5,10.70
65,JAM,Jamaica,Latin America and Caribbean,English,Christian,2891000,10830,5.71,5.51,5.31,5.89,5.89,0.81,0.89,0.93,0.82,0.83,1.15,0.96,1.37,1.49,1.48,0.69,0.59,0.64,0.69,0.83,0.50,0.44,0.47,0.58,0.49,0.02,0.04,0.06,0.03,0.03,0.21,0.22,0.23,0.10,0.11,4907.50,4843.34,5069.18,5354.24,5582.26,50.30,0.7085,3.99,3.902099388,0.21,0.20,5.13,4.82,5.08,5.32,6.02,6.26,13.51,20.00,45.5,77.2,0.4,17.2,0,0,4.5,1,0,8.2,56.3,6.96,10,2.03,#N/A,43.85,138,4.2,0.95,#N/A,#N/A,45,39,68,13,0,-4,7.52
82,JOR,Jordan,Middle East and Northern Africa,Arabic,Muslim,9267000,88780,5.19,5.30,5.34,5.16,4.91,0.90,1.00,0.99,0.82,0.84,1.05,0.86,1.24,1.27,1.23,0.70,0.61,0.60,0.65,0.82,0.41,0.36,0.42,0.47,0.38,0.14,0.13,0.12,0.13,0.13,0.11,0.14,0.17,0.13,0.11,4105.45,4103.73,4162.82,4241.79,4330.33,49.35,0.6093,2.84,2.848126802,0.11,0.11,4.24,4.21,3.93,3.93,7.11,7.05,13.07,25.49,33.7,2.2,97.2,0,0.1,0.4,0,0,0,10.5,91.4,3.93,24,3.07,18.3,1.4,198,0.7,1.60,#N/A,192.91,#N/A,#N/A,#N/A,#N/A,#N/A,25.6,3.81
46,JPN,Japan,Eastern Asia,Japanese,Atheist,127985000,364560,5.99,5.92,5.92,5.92,5.89,1.27,1.38,1.42,1.29,1.33,1.26,1.06,1.44,1.46,1.42,0.99,0.91,0.91,0.99,1.09,0.50,0.47,0.51,0.55,0.45,0.18,0.19,0.16,0.15,0.14,0.11,0.10,0.12,0.08,0.07,34524.47,38761.82,38386.51,39159.42,40246.88,51.14,0.6498,22.20,22.3059408,0.48,0.46,19.97,19.89,29.32,29.41,32.03,32.36,3.33,35.42,32.9,1.6,0.2,57,0.02,36.2,0.4,4.7,0,#N/A,91.8,7.99,26,1.45,11.36,0.26,39,8,0.91,#N/A,132.05,54,46,95,92,80,0.6,10.30
54,KAZ,Kazakhstan,Central Asia,Asia (other),Muslim,17572000,2699700,5.86,5.92,5.82,5.79,5.81,1.12,1.23,1.28,1.14,1.17,1.12,0.96,1.38,1.52,1.51,0.64,0.57,0.61,0.63,0.73,0.52,0.41,0.44,0.45,0.41,0.08,0.11,0.12,0.12,0.10,0.12,0.15,0.20,0.15,0.15,10510.77,7714.84,9247.58,9812.60,9731.15,51.58,0.7218,23.69,23.55067869,2.03,2.03,31.27,31.23,31.88,31.91,37.20,37.56,4.93,26.74,27.5,24.8,70.4,4.2,0,0.2,0.3,0.1,0,5.5,57.7,2.94,40,2.73,23.6,5,156,7.7,0.63,#N/A,128.42,#N/A,#N/A,#N/A,#N/A,#N/A,1.9,7.46
125,KEN,Kenya,Sub-Saharan Africa,English,Christian,47878000,569140,4.42,4.36,4.55,4.41,4.51,0.36,0.52,0.56,0.49,0.51,1.00,0.76,1.07,1.05,0.98,0.41,0.30,0.31,0.45,0.58,0.42,0.41,0.45,0.50,0.43,0.06,0.07,0.06,0.06,0.05,0.38,0.41,0.44,0.35,0.37,1336.88,1410.53,1572.34,1707.99,1816.55,50.33,0.6803,6.32,6.328223495,0.54,0.54,6.64,6.56,25.37,25.14,57.06,56.69,11.59,#N/A,40.8,84.8,9.7,2.5,0.1,0,1.7,1.2,0,25.2,28,5.18,28,3.77,#N/A,4.93,102,3.4,0.48,#N/A,277.72,64,27,41,52,25,-0.2,5.93
77,KGZ,Kyrgyzstan,Central Asia,Asia (other),Muslim,5959000,191800,5.29,5.19,5.00,5.13,5.26,0.47,0.56,0.60,0.53,0.55,1.15,0.95,1.39,1.42,1.44,0.65,0.55,0.55,0.59,0.72,0.43,0.40,0.45,0.54,0.51,0.04,0.05,0.04,0.04,0.02,0.30,0.38,0.43,0.28,0.30,1121.08,1120.67,1242.77,1308.14,1309.39,50.52,0.6948,10.09,9.484174713,1.66,1.67,13.71,12.80,15.94,15.15,16.47,16.36,7.56,16.49,27.7,11.4,88,0.4,0,0,0.1,0,0,8.8,36.9,4.89,20,3.20,33.2,2.19,161,6.2,0.53,#N/A,#N/A,#N/A,#N/A,#N/A,#N/A,#N/A,-3.3,5.80
145,KHM,Cambodia,Southeastern Asia,Asia (other),Buddhist,15521000,176520,3.82,3.91,4.17,4.43,4.70,0.46,0.56,0.60,0.55,0.57,0.63,0.54,1.01,1.09,1.12,0.61,0.42,0.43,0.46,0.64,0.66,0.59,0.63,0.70,0.61,0.07,0.08,0.07,0.07,0.06,0.40,0.40,0.39,0.26,0.23,1162.90,1269.59,1385.26,1512.13,1643.12,51.23,0.6509,4.10,4.111041844,0.10,0.09,5.07,5.02,8.64,8.67,11.04,11.10,0.18,#N/A,0,0.4,2,0.2,0,96.9,0.6,0,0,22.8,24.2,3.53,45,2.59,21.1,1.84,220,6.7,0.56,#N/A,#N/A,#N/A,#N/A,#N/A,#N/A,#N/A,-2,6.10
47,KOR,South Korea,Eastern Asia,Asia (other),Atheist,50823000,97489.00391,5.98,5.84,5.84,5.88,5.90,1.24,1.36,1.40,1.27,1.30,0.96,0.72,1.13,1.20,1.22,0.97,0.89,0.90,0.96,1.04,0.33,0.25,0.26,0.24,0.16,0.08,0.08,0.06,0.05,0.06,0.19,0.19,0.21,0.18,0.18,28732.23,29288.87,31616.84,33340.27,31761.98,49.89,0.6351,30.23,29.03898791,0.63,0.57,23.69,22.30,39.47,37.35,89.53,86.80,3.63,46.81,31.6,29.4,0.2,46.4,0,22.9,0.8,0.2,0,#N/A,81.4,8,30,1.24,24.78,0.6,109,10.2,0.91,19.9,144.69,60,18,39,85,75,1.6,5.40
39,KWT,Kuwait,Middle East and Northern Africa,Arabic,Muslim,3836000,17820,6.30,6.24,6.11,6.08,6.02,1.55,1.62,1.63,1.47,1.50,1.17,0.88,1.26,1.30,1.32,0.72,0.64,0.63,0.68,0.81,0.55,0.43,0.50,0.55,0.49,0.26,0.24,0.22,0.11,0.10,0.16,0.16,0.23,0.17,0.14,29869.53,27653.07,29759.44,33994.38,32031.98,41.18,0.6292,3.01,3.034073742,0.08,0.08,3.87,3.89,3.28,3.28,3.79,3.88,2.20,42.31,#N/A,14.3,74.1,0,8.5,2.8,0,0.3,0,5,100,3.93,48,2.08,38.3,1.8,117,0,1.60,#N/A,156.59,80,38,52,68,0,34,2.45
99,LAO,Laos,Southeastern Asia,Asia (other),Buddhist,6741000,230800,4.88,4.88,,4.62,4.80,0.59,0.68,,0.72,0.76,0.74,0.55,,1.03,1.03,0.55,0.38,,0.44,0.55,0.60,0.52,,0.63,0.55,0.24,0.22,,0.17,0.16,0.42,0.43,,0.23,0.27,2134.71,2308.80,2423.85,2542.49,2534.90,49.85,0.6993,7.93,7.850082822,0.46,0.44,11.48,11.27,11.81,11.65,17.24,17.16,0.65,#N/A,36.4,1.5,0,0.9,0,66,30.7,0.7,0,25.7,36.3,2.14,15,2.80,23.1,7.01,130,10.4,0.67,#N/A,#N/A,#N/A,#N/A,#N/A,#N/A,#N/A,-3.5,6.69
103,LBN,Lebanon,Middle East and Northern Africa,Arabic,Mixed,6533000,10230,4.84,5.13,5.22,5.36,5.20,1.03,1.12,1.07,0.97,0.99,0.80,0.64,1.13,1.18,1.22,0.84,0.76,0.74,0.79,0.82,0.34,0.26,0.29,0.50,0.22,0.05,0.03,0.04,0.14,0.03,0.22,0.24,0.26,0.21,0.17,7644.55,7629.89,7801.18,8024.80,7784.32,49.67,0.6028,4.78,4.764446769,0.21,0.20,7.12,7.07,4.88,4.85,8.42,8.41,6.63,16.84,31.8,47.3,55.3,0.3,0,0.2,0,0,0,11.6,88.9,4.36,37,2.10,#N/A,2.49,144,1.5,2.19,#N/A,184.61,80,38,52,68,0,41.5,4.11
116,LBR,Liberia,Sub-Saharan Africa,English,Christian,4472000,96320,4.57,3.62,3.53,3.50,3.98,0.07,0.11,0.12,0.08,0.07,0.79,0.50,0.87,0.86,0.92,0.34,0.23,0.23,0.27,0.44,0.29,0.26,0.33,0.42,0.37,0.06,0.05,0.04,0.03,0.03,0.24,0.24,0.27,0.21,0.23,710.38,714.62,698.70,677.32,621.89,49.83,#N/A,7.15,7.170071286,0.38,0.38,7.77,7.75,30.45,30.25,70.07,70.09,2.27,#N/A,35.3,85.9,20,1.4,0,0,0.5,0.1,0,34.9,52.1,5.45,21,4.54,#N/A,3.23,50,5.8,0.51,#N/A,#N/A,#N/A,#N/A,#N/A,#N/A,#N/A,1.2,8.21
63,LBY,Libya,Middle East and Northern Africa,Arabic,Muslim,6418000,1759540,5.75,5.62,5.53,5.57,5.53,1.13,1.07,1.10,0.99,1.04,1.12,0.95,1.36,1.35,1.30,0.70,0.52,0.52,0.55,0.67,0.42,0.41,0.47,0.50,0.42,0.11,0.10,0.09,0.15,0.15,0.18,0.17,0.15,0.12,0.13,4337.92,4035.19,5756.70,7877.12,7683.75,49.39,#N/A,8.68,8.33920394,0.42,0.37,12.66,12.00,8.20,8.55,12.40,12.42,18.36,23.15,#N/A,2.7,96.6,0.2,0,0.3,0,0,0,#N/A,80.7,2.02,22,2.36,#N/A,2.5,139,0,2.58,#N/A,#N/A,80,38,52,68,0,-9.5,5.11
132,LKA,Sri Lanka,Southern Asia,Asia (other),Buddhist,20908000,62710,4.27,4.42,4.44,4.47,4.37,0.84,0.97,1.01,0.92,0.95,1.02,0.85,1.26,1.31,1.27,0.71,0.62,0.63,0.67,0.83,0.54,0.51,0.56,0.59,0.47,0.09,0.08,0.07,0.05,0.05,0.41,0.47,0.49,0.31,0.24,3843.78,3886.29,4077.04,4080.57,3853.08,51.80,0.7019,20.76,20.88682394,0.53,0.52,23.14,23.10,28.86,28.81,63.90,63.18,4.67,0.00,39.8,7.3,9.8,0,13.6,70.3,0,0,0,17.1,18.7,6.27,40,2.21,25.2,2.42,105,4.3,0.66,#N/A,274.01,#N/A,#N/A,#N/A,#N/A,#N/A,-4.7,6.37
97,LSO,Lesotho,Sub-Saharan Africa,English,Christian,2059000,30360,4.90,,3.81,3.81,3.80,0.38,,0.52,0.47,0.49,1.04,,1.19,1.22,1.17,0.08,,0.00,0.08,0.17,0.32,,0.39,0.42,0.36,0.13,,0.12,0.11,0.09,0.16,,0.16,0.12,0.11,1152.14,1043.57,1150.08,1221.88,1157.54,50.85,0.753,28.08,27.24748908,0.19,0.19,37.09,35.84,58.13,56.31,87.40,85.18,26.98,#N/A,44.9,96.7,0.1,3.1,0,0,0.1,0,0,23.2,29,6.54,22,3.22,#N/A,41.25,92,5,0.77,#N/A,#N/A,#N/A,#N/A,#N/A,#N/A,#N/A,-4.7,15.75
56,LTU,Lithuania,Eastern Europe,Europe (other),Christian,2932000,62642.00195,5.83,5.81,5.90,5.95,6.15,1.15,1.27,1.31,1.20,1.24,1.26,1.06,1.47,1.53,1.52,0.73,0.65,0.63,0.72,0.82,0.21,0.19,0.23,0.35,0.29,0.01,0.02,0.01,0.01,0.04,0.03,0.02,0.01,0.03,0.04,14249.11,14999.48,16882.64,19080.62,19455.45,53.95,0.7308,37.25,36.36139025,1.04,0.99,39.79,37.74,51.23,51.02,41.50,41.78,9.12,41.89,37.3,89.8,0.1,10,0,0,0,0,0,5,68,7.5,34,1.70,14.49,4.57,221,15,0.61,#N/A,94.44,#N/A,#N/A,#N/A,#N/A,#N/A,-9.7,14.40
17,LUX,Luxembourg,Northern Europe,Europe (other),Christian,567000,2430,6.95,6.87,6.86,6.91,7.09,1.56,1.70,1.74,1.58,1.61,1.22,1.04,1.46,1.52,1.48,0.92,0.85,0.85,0.90,1.01,0.62,0.55,0.60,0.63,0.53,0.38,0.35,0.32,0.32,0.32,0.28,0.28,0.28,0.20,0.19,101376.50,104278.39,107627.15,116654.26,114704.59,49.81,0.741,11.91,11.73823348,0.20,0.18,9.80,9.67,17.66,17.23,28.85,28.49,6.67,65.63,34.9,70.4,2.3,26.8,0,0,0,0.3,0.1,#N/A,91.5,8.81,37,1.47,9.6,0.3,105,13,0.94,52.7,121.21,#N/A,#N/A,#N/A,#N/A,#N/A,18.1,7.00
89,LVA,Latvia,Northern Europe,Europe (other),Christian,1998000,62180,5.10,5.56,5.85,5.93,5.94,1.11,1.22,1.26,1.15,1.19,1.10,0.95,1.40,1.45,1.47,0.72,0.64,0.64,0.67,0.81,0.30,0.28,0.33,0.36,0.26,0.06,0.09,0.07,0.07,0.06,0.18,0.17,0.15,0.09,0.08,13698.94,14153.41,15586.58,17805.28,17836.36,54.16,0.761,22.61,22.47132175,0.44,0.42,22.53,22.32,31.26,31.05,30.69,30.95,9.87,46.97,35.6,55.8,0.1,43.8,0,0,0,0.2,0,5,68.3,7.49,32,1.70,13.3,4.36,183,12.9,1.04,13.3,116.67,#N/A,#N/A,#N/A,#N/A,#N/A,-8.1,14.40
82,MAR,Morocco,Middle East and Northern Africa,Arabic,Muslim,34664000,446300,5.01,5.15,5.24,5.25,5.21,0.73,0.84,0.88,0.78,0.80,0.64,0.39,0.77,0.80,0.78,0.61,0.59,0.60,0.67,0.78,0.42,0.26,0.41,0.46,0.42,0.09,0.08,0.09,0.07,0.08,0.07,0.04,0.03,0.03,0.04,2875.26,2896.72,3036.33,3222.20,3204.10,50.46,0.5845,7.41,7.294007881,0.45,0.44,10.17,9.98,9.14,8.88,12.98,12.68,9.66,#N/A,39.5,0.06,99.9,0,0,0,0,0.01,0.04,9.4,63.5,5.1,25,2.52,#N/A,1.42,237,0.6,1.62,#N/A,131.94,#N/A,#N/A,#N/A,#N/A,#N/A,-2.2,5.12
14,MDA,Moldova,Eastern Europe,Europe (other),Christian,4071000,32890,5.89,5.90,5.84,5.64,5.53,0.59,0.69,0.73,0.66,0.69,1.02,0.83,1.25,1.30,1.33,0.62,0.52,0.59,0.62,0.74,0.33,0.25,0.24,0.23,0.25,0.02,0.02,0.01,0.00,0.00,0.21,0.20,0.21,0.17,0.18,2732.46,2880.44,3509.69,4234.00,4498.52,51.94,0.7037,18.50,17.88589701,0.63,0.61,18.27,17.65,31.49,30.26,17.30,16.39,3.69,42.47,25.7,97.4,0.6,1.4,0,0,0,0,0.6,#N/A,42.8,5.75,20,1.26,#N/A,4.1,194,15.2,0.65,#N/A,#N/A,#N/A,#N/A,#N/A,#N/A,#N/A,-0.3,11.40
93,MDG,Madagascar,Sub-Saharan Africa,French,Christian,24234000,581800,3.68,3.70,3.64,3.77,3.93,0.21,0.28,0.31,0.26,0.27,0.67,0.46,0.91,0.91,0.92,0.47,0.37,0.38,0.40,0.56,0.19,0.14,0.19,0.22,0.15,0.08,0.08,0.07,0.05,0.04,0.21,0.22,0.21,0.16,0.17,467.24,475.96,515.29,527.50,522.22,50.15,0.7016,6.11,6.099292079,0.61,0.59,7.27,7.23,24.73,24.60,50.15,49.80,1.80,#N/A,42.6,85.3,3,6.9,0.05,0,4.5,0.1,0,41.5,38.5,5.64,35,4.24,#N/A,7.69,93,1.9,0.49,#N/A,#N/A,#N/A,#N/A,#N/A,#N/A,#N/A,-0.1,6.47
71,MEX,Mexico,Latin America and Caribbean,Spanish,Christian,121858000,1943950,7.19,6.78,6.58,6.49,6.60,1.02,1.12,1.15,1.04,1.07,0.91,0.71,1.21,1.25,1.32,0.81,0.71,0.71,0.76,0.86,0.48,0.38,0.41,0.48,0.43,0.21,0.18,0.13,0.10,0.07,0.14,0.12,0.12,0.07,0.07,9605.95,8739.76,9278.42,9673.44,9863.07,51.10,0.6917,5.81,5.975078562,0.96,0.95,8.10,8.35,6.79,6.90,8.19,8.18,4.34,17.31,45.4,95.1,0.1,4.7,0,0.07,0.06,0.02,0.06,6.2,80.7,6.09,13,2.22,20.02,29.07,163,6.5,0.80,#N/A,176.55,81,30,69,82,0,-0.7,5.76
66,MKD,North Macedonia,Eastern Europe,Europe (other),Christian,2079000,25220,5.01,5.12,5.18,5.19,5.27,0.92,1.02,1.06,0.96,0.98,1.00,0.78,1.21,1.24,1.29,0.74,0.65,0.64,0.69,0.84,0.33,0.28,0.33,0.39,0.35,0.05,0.07,0.06,0.05,0.03,0.22,0.24,0.25,0.17,0.19,4840.27,5129.16,5430.87,6062.94,6093.15,49.96,0.7013,8.60,8.822415621,0.41,0.47,6.98,7.26,13.00,12.97,21.56,21.99,26.07,15.63,34.2,59.3,39.3,1.4,0,0,0,0,0,5.6,58.5,5.97,32,1.51,32.4,1.2,112,8.1,0.49,#N/A,93.8,#N/A,#N/A,#N/A,#N/A,#N/A,-0.9,9.80
61,MLI,Mali,Sub-Saharan Africa,French,Muslim,17439000,1220190,4.00,4.07,4.19,4.45,4.39,0.26,0.31,0.48,0.37,0.39,1.04,0.86,1.28,1.23,1.11,0.21,0.16,0.17,0.15,0.31,0.39,0.28,0.31,0.37,0.33,0.12,0.14,0.10,0.06,0.05,0.19,0.21,0.18,0.14,0.15,751.48,780.39,830.56,900.11,890.74,50.00,0.5872,3.54,3.588459114,0.34,0.36,4.27,4.32,14.12,14.30,32.64,32.88,7.73,#N/A,33,3.2,95,0.6,0,0,1.2,0,0,24.1,43.9,4.92,22,6.15,#N/A,10.9,33,1.3,0.44,#N/A,#N/A,#N/A,#N/A,#N/A,#N/A,#N/A,-3.7,10.65
138,MLT,Malta,Southern Europe,English,Christian,434000,320,6.30,6.49,6.53,6.63,6.73,1.21,1.31,1.34,1.27,1.30,1.30,1.10,1.49,1.53,1.52,0.89,0.80,0.82,0.88,1.00,0.60,0.55,0.59,0.65,0.56,0.14,0.18,0.15,0.14,0.15,0.52,0.56,0.57,0.38,0.38,24002.52,25133.05,27239.07,30133.47,29416.23,49.96,0.6761,5.83,6.044690948,0.19,0.17,5.57,5.71,6.53,6.74,11.95,12.42,5.39,11.94,29.2,97,0.2,2.5,0.2,0,0,0,0,#N/A,94.7,7.95,41,1.37,9.4,1.59,131,8.1,0.87,#N/A,#N/A,#N/A,#N/A,#N/A,#N/A,#N/A,7.3,7.70
94,MMR,Myanmar,Southeastern Asia,Asia (other),Buddhist,52681000,653080,4.31,4.40,4.55,4.31,4.36,0.27,0.34,0.37,0.68,0.71,0.71,0.70,1.12,1.17,1.18,0.48,0.40,0.40,0.43,0.56,0.44,0.43,0.51,0.58,0.53,0.19,0.20,0.19,0.18,0.17,0.80,0.82,0.84,0.60,0.57,1287.43,1266.55,1291.54,1418.18,1407.81,51.80,#N/A,5.14,5.107286186,0.16,0.16,6.75,6.64,7.51,7.46,10.37,10.31,0.77,#N/A,30.7,7.8,4,0.5,1.7,80.1,5.8,0.2,0,19.8,31.1,3.55,24,2.20,31,2.27,171,4.8,0.57,#N/A,#N/A,#N/A,#N/A,#N/A,#N/A,#N/A,-2,8.30
100,MNE,Montenegro,Eastern Europe,Europe (other),Christian,627000,13450,5.19,5.16,5.24,5.35,5.52,0.97,1.08,1.12,1.02,1.05,0.91,0.74,1.24,1.28,1.36,0.73,0.64,0.67,0.73,0.87,0.18,0.15,0.19,0.26,0.20,0.14,0.13,0.09,0.08,0.08,0.16,0.17,0.20,0.11,0.14,6517.16,7033.60,7803.41,8850.09,8832.04,50.57,#N/A,12.41,12.22991058,0.55,0.58,9.74,9.46,19.76,19.40,30.99,30.92,17.52,21.57,39,78.1,18.7,3.2,0,0,0,0,0,5,67.5,5.65,21,1.72,#N/A,2.23,183,8,0.61,#N/A,#N/A,#N/A,#N/A,#N/A,#N/A,#N/A,-1,10.37
52,MNG,Mongolia,Eastern Asia,Asia (other),Buddhist,2998000,1553560,4.87,4.91,4.95,5.13,5.29,0.83,0.99,1.03,0.91,0.95,1.30,1.09,1.49,1.52,1.53,0.60,0.55,0.56,0.58,0.67,0.44,0.36,0.39,0.40,0.32,0.03,0.03,0.03,0.03,0.04,0.33,0.35,0.34,0.25,0.24,3918.58,3660.15,3669.42,4134.99,4295.24,50.57,0.7204,16.75,16.37689652,3.13,2.74,24.49,24.18,16.37,16.20,11.57,11.69,4.86,32.35,32.7,2.3,3.2,35.9,0,55.1,3.5,0,0,9.7,68.7,6.5,15,2.92,62,6.18,110,7.4,0.53,#N/A,#N/A,#N/A,#N/A,#N/A,#N/A,#N/A,-0.3,6.28
92,MOZ,Mozambique,Sub-Saharan Africa,Portuguese,Christian,27042000,786380,4.97,,4.55,4.42,4.47,0.08,,0.23,0.20,0.20,1.03,,0.87,0.90,0.99,0.09,,0.11,0.17,0.39,0.34,,0.48,0.53,0.49,0.16,,0.18,0.16,0.14,0.22,,0.32,0.21,0.20,589.86,428.93,461.42,498.96,491.80,51.59,0.7349,9.21,9.160115468,0.87,0.88,11.81,11.67,38.52,38.13,78.95,78.13,25.30,#N/A,54,56.7,18,17.9,0,0,7.4,0,0,28.8,37.1,3.65,19,5.06,#N/A,3.4,63,2.4,0.52,#N/A,#N/A,#N/A,#N/A,#N/A,#N/A,#N/A,#N/A,10.03
37,MRT,Mauritania,Sub-Saharan Africa,French,Muslim,4046000,1030700,4.44,4.20,4.29,4.36,4.49,0.45,0.61,0.65,0.56,0.57,0.87,0.84,1.27,1.25,1.17,0.36,0.29,0.29,0.29,0.49,0.24,0.13,0.10,0.13,0.07,0.17,0.18,0.14,0.09,0.09,0.22,0.23,0.20,0.13,0.11,1524.07,1536.85,1578.11,1600.88,1677.92,49.89,0.581,3.98,4.007158616,0.32,0.32,3.91,3.90,14.58,14.63,35.47,35.70,9.85,#N/A,32.6,0.1,99.9,0,0,0,0,0,0,26.7,55.3,3.92,22,4.74,#N/A,9.94,53,0,0.50,#N/A,#N/A,#N/A,#N/A,#N/A,#N/A,#N/A,1.3,7.61
124,MUS,Mauritius,Sub-Saharan Africa,French,Hindu,1259000,2030,5.48,5.65,5.63,5.89,5.89,1.01,1.14,1.19,1.09,1.12,0.99,0.76,1.21,1.39,1.40,0.71,0.66,0.64,0.68,0.80,0.56,0.46,0.49,0.58,0.50,0.08,0.05,0.04,0.05,0.06,0.38,0.37,0.36,0.25,0.22,9260.45,9681.62,10484.91,11208.23,11203.54,50.47,0.6599,9.61,9.274050896,0.51,0.61,13.70,12.91,8.08,8.18,9.11,9.21,7.92,17.07,36.8,25.3,16.7,0.6,56.4,0,0.7,0.3,0,9.6,40.8,8.22,38,1.36,#N/A,2.92,203,3.6,0.71,#N/A,#N/A,#N/A,#N/A,#N/A,#N/A,#N/A,-1.9,7.70
147,MWI,Malawi,Sub-Saharan Africa,French,Christian,16745000,94280,4.29,4.16,3.97,3.59,3.41,0.02,0.09,0.23,0.19,0.19,0.41,0.15,0.51,0.54,0.56,0.23,0.29,0.32,0.31,0.50,0.43,0.41,0.47,0.53,0.44,0.07,0.08,0.07,0.08,0.09,0.33,0.31,0.29,0.21,0.22,380.60,315.78,356.72,381.26,411.55,50.73,0.7139,6.90,6.938535085,0.70,0.71,7.69,7.67,27.26,27.15,61.31,60.94,5.88,#N/A,44.7,82.7,13,2.5,0,0,1.7,0,0,23,17.4,5.5,18,4.53,#N/A,1.73,76,3.7,0.50,#N/A,#N/A,#N/A,#N/A,#N/A,#N/A,#N/A,-1,7.42
131,MYS,Malaysia,Southeastern Asia,English,Muslim,30271000,328550,5.77,6.01,6.08,6.32,5.34,1.12,1.25,1.29,1.16,1.22,1.07,0.88,1.28,1.26,1.17,0.72,0.62,0.62,0.67,0.83,0.53,0.39,0.40,0.36,0.51,0.11,0.09,0.07,0.06,0.02,0.33,0.41,0.42,0.31,0.26,9955.24,9817.74,10254.23,11373.23,11414.84,48.51,0.6518,7.09,7.237836085,0.09,0.09,6.97,7.10,14.26,14.32,30.77,30.90,3.10,#N/A,41,9.4,63.7,0.7,6,17.7,2.3,0.2,0,13.1,77.2,7.16,19,2.06,19.36,2.11,230,0.9,0.66,#N/A,169.33,104,26,50,36,0,1.7,4.88
,NAM,Namibia,Sub-Saharan Africa,English,Christian,2315000,823290,,4.57,4.57,4.44,4.64,,0.93,0.96,0.87,0.88,,0.70,1.10,1.28,1.31,,0.35,0.34,0.37,0.48,,0.49,0.52,0.52,0.40,,0.10,0.09,0.06,0.06,,0.08,0.08,0.05,0.07,4869.38,4523.09,5303.31,5495.43,4957.46,51.60,0.7094,9.82,9.794126264,0.10,0.09,13.42,13.26,21.70,21.75,26.78,26.86,19.59,#N/A,59.1,97.5,0.3,1.9,0,0,0.2,0,0,24.9,52,6.43,20,3.54,#N/A,17.14,295,9.8,0.77,#N/A,#N/A,#N/A,#N/A,#N/A,#N/A,#N/A,-3.3,8.67
57,NER,Niger,Sub-Saharan Africa,French,Muslim,20002000,1266700,3.85,3.86,4.03,4.17,4.63,0.07,0.13,0.16,0.13,0.14,0.77,0.61,0.99,0.87,0.77,0.30,0.26,0.27,0.22,0.37,0.48,0.38,0.36,0.39,0.32,0.16,0.17,0.14,0.10,0.10,0.19,0.21,0.23,0.18,0.19,483.34,494.72,516.89,571.53,554.60,49.86,#N/A,3.50,3.521003076,0.27,0.28,4.62,4.63,16.64,16.68,36.05,35.98,0.34,#N/A,34.3,0.8,98.4,0.7,0,0,0,0,0,30.2,16.6,3.29,34,7.17,#N/A,4.44,44,0.5,0.46,#N/A,#N/A,#N/A,#N/A,#N/A,#N/A,#N/A,0.2,9.15
144,NGA,Nigeria,Sub-Saharan Africa,English,Mixed,181136992,910770,5.27,4.88,5.07,5.16,5.27,0.65,0.75,0.78,0.69,0.70,0.90,0.64,1.22,1.17,1.11,0.16,0.05,0.06,0.05,0.25,0.34,0.28,0.39,0.46,0.43,0.04,0.03,0.03,0.03,0.04,0.27,0.23,0.23,0.20,0.22,2730.43,2176.00,1968.56,2032.73,2229.86,49.36,0.6469,3.89,3.914729547,0.40,0.42,4.21,4.24,14.60,14.64,45.58,45.76,4.31,#N/A,35.1,48,51,0.04,0,0.01,1,0.06,0,27.9,52,4.12,6,5.59,21.4,9.85,36,13.4,0.46,#N/A,311.39,77,20,46,54,16,-0.4,12.69
9,NIC,Nicaragua,Latin America and Caribbean,Spanish,Christian,6223000,120340,5.83,5.99,6.07,6.14,6.11,0.59,0.69,0.74,0.67,0.69,1.14,0.90,1.29,1.32,1.33,0.74,0.65,0.65,0.70,0.84,0.55,0.47,0.45,0.53,0.44,0.19,0.16,0.13,0.13,0.13,0.28,0.30,0.30,0.21,0.20,2049.85,2107.57,2159.16,2020.55,1912.90,50.71,0.7715,6.15,5.90294546,0.86,0.81,9.26,8.81,7.25,7.04,6.96,6.80,4.48,17.78,46.2,85.8,0,12.5,0,0,1.4,0.1,0,13.3,59,3.55,20,2.48,#N/A,7.37,332,5.2,0.59,#N/A,#N/A,#N/A,#N/A,#N/A,#N/A,#N/A,-4.5,5.03
121,NLD,Netherlands,Northern Europe,Europe (other),Christian,16938000,33690,7.38,7.34,7.38,7.44,7.49,1.33,1.46,1.50,1.36,1.40,1.28,1.03,1.43,1.49,1.52,0.89,0.81,0.81,0.88,1.00,0.62,0.55,0.59,0.64,0.56,0.32,0.30,0.28,0.30,0.30,0.48,0.47,0.47,0.33,0.32,45175.23,46007.85,48675.22,53048.10,52447.83,50.29,0.7608,12.14,12.2969169,0.22,0.22,11.49,11.48,17.93,18.07,18.61,19.10,6.87,52.63,28.5,50.6,6,42.1,0.5,0.2,0.2,0.2,0.2,#N/A,92.2,9.01,28,1.66,10.91,0.59,61,8.7,0.96,46.1,96.74,38,80,14,53,44,0.7,8.70
4,NOR,Norway,Northern Europe,Europe (other),Christian,5200000,365123.0078,7.52,7.50,7.54,7.59,7.55,1.46,1.58,1.62,1.46,1.49,1.33,1.13,1.53,1.58,1.58,0.89,0.80,0.80,0.86,1.03,0.67,0.60,0.64,0.69,0.60,0.37,0.36,0.32,0.34,0.34,0.35,0.38,0.36,0.29,0.27,74355.52,70459.18,75496.75,81734.47,75419.63,49.65,0.8417,11.13,10.99022206,0.35,0.39,12.19,12.05,15.97,15.69,14.12,13.80,4.30,42.22,27,84.7,3.7,10.1,0.5,0.6,0,0.2,0,#N/A,83,9.87,35,1.72,6.88,0.47,60,7.5,0.85,57.1,90.83,31,69,8,50,20,8.8,7.80
129,NPL,Nepal,Southern Asia,Asia (other),Hindu,27015000,143350,4.51,4.79,4.96,4.88,4.91,0.36,0.45,0.48,0.43,0.45,0.86,0.70,1.18,1.23,1.23,0.57,0.50,0.50,0.54,0.68,0.38,0.37,0.44,0.53,0.44,0.06,0.07,0.07,0.08,0.09,0.32,0.38,0.39,0.30,0.29,792.55,777.15,911.44,1038.65,1071.05,54.11,0.6053,7.87,7.842981453,0.64,0.63,11.01,10.86,11.85,11.72,17.99,17.92,3.10,#N/A,32.8,0.5,4.6,0.3,80.7,10.3,3.7,0.07,0,20.8,20.6,5.28,28,2.10,44.46,2.16,79,2,0.50,#N/A,#N/A,#N/A,#N/A,#N/A,#N/A,#N/A,-15.1,6.50
7,NZL,New Zealand,Australia and New Zealand,English,Christian,4615000,263310,7.29,7.33,7.31,7.32,7.31,1.25,1.36,1.41,1.27,1.30,1.32,1.17,1.55,1.60,1.56,0.91,0.83,0.82,0.88,1.03,0.64,0.58,0.61,0.67,0.59,0.43,0.42,0.38,0.39,0.38,0.48,0.49,0.50,0.37,0.33,38616.00,40105.61,42849.43,42949.93,42084.35,50.83,0.7799,11.76,12.00249624,0.66,0.60,16.23,16.76,12.79,12.90,11.75,11.59,5.37,41.67,#N/A,57,1.2,36.6,2.1,1.6,0.5,0.7,0.2,#N/A,86.7,9.26,31,1.99,7.52,0.7,201,10.7,2.04,72.8,127.5,22,79,58,49,30,4,6.87
22,OMN,Oman,Middle East and Northern Africa,Arabic,Muslim,4267000,309500,6.85,,,,,1.36,,,,,1.08,,,,,0.76,,,,,0.63,,,,,0.33,,,,,0.22,,,,,16028.75,14618.88,15130.94,16414.89,15474.03,34.79,0.6053,3.17,3.116691206,0.19,0.17,4.00,3.92,3.94,3.83,7.25,6.82,3.32,#N/A,#N/A,6.5,85.9,0.2,5.5,0.8,0,1,0,11.4,86.3,3.06,31,2.94,#N/A,0.27,36,0.8,1.70,#N/A,121.46,#N/A,#N/A,#N/A,#N/A,#N/A,48.5,2.54
81,PAK,Pakistan,Southern Asia,Asia (other),Muslim,199427008,770880,5.19,5.13,5.27,5.47,5.65,0.60,0.69,0.73,0.65,0.68,0.41,0.26,0.67,0.81,0.89,0.51,0.40,0.40,0.42,0.54,0.12,0.15,0.24,0.33,0.31,0.10,0.14,0.12,0.11,0.10,0.34,0.31,0.32,0.22,0.22,1356.67,1368.45,1464.99,1482.31,1284.70,48.53,0.5459,4.32,4.283995079,0.55,0.54,7.16,7.05,4.29,4.27,5.49,5.52,3.57,#N/A,33.5,1.6,96.4,0.01,1.9,0.01,0.02,0.01,0,28.5,37.2,4.25,29,3.66,65.81,3.88,38,0.3,0.67,#N/A,159.85,55,14,50,70,0,-1.1,7.11
25,PAN,Panama,Latin America and Caribbean,Spanish,Christian,3968000,74340,6.79,6.70,6.45,6.43,6.32,1.06,1.18,1.23,1.11,1.15,1.20,0.99,1.37,1.44,1.44,0.80,0.71,0.71,0.76,0.91,0.54,0.49,0.55,0.60,0.52,0.09,0.08,0.07,0.06,0.05,0.24,0.24,0.21,0.13,0.11,13630.31,14343.96,15150.35,15592.57,15731.02,49.85,0.7164,5.03,4.95817011,0.46,0.44,6.67,6.51,6.87,6.87,8.56,8.49,4.53,27.03,49.2,93,0.8,4.8,0,0.2,0.4,0.4,0.4,9.2,68.4,7.05,40,2.54,#N/A,9.39,401,7.9,0.72,#N/A,169.51,95,11,44,86,0,1.5,5.00
58,PER,Peru,Latin America and Caribbean,Spanish,Christian,30471000,1280000,5.82,5.74,5.72,5.66,5.70,0.90,1.00,1.04,0.93,0.96,0.97,0.81,1.22,1.25,1.27,0.73,0.63,0.63,0.67,0.85,0.41,0.38,0.45,0.53,0.46,0.06,0.05,0.05,0.03,0.03,0.15,0.15,0.13,0.09,0.08,6229.10,6205.00,6710.51,6941.24,6977.70,50.33,0.6787,3.12,3.113968813,0.29,0.28,4.18,4.16,4.30,4.29,6.23,6.21,3.00,#N/A,42.8,93,0.01,6.5,0.01,0.2,1,0.3,0,8.8,78.3,6.6,34,2.32,23.28,7.7,278,6.3,0.59,#N/A,215.46,64,16,42,87,0,-4.2,5.35
90,PHL,Philippines,Southeastern Asia,Asia (other),Christian,102113000,298170,5.07,5.28,5.43,5.52,5.63,0.71,0.81,0.86,0.78,0.81,1.04,0.88,1.25,1.31,1.29,0.58,0.47,0.47,0.51,0.66,0.63,0.55,0.59,0.64,0.56,0.12,0.12,0.10,0.11,0.11,0.25,0.22,0.19,0.12,0.12,3001.04,3073.65,3123.23,3252.09,3485.08,49.67,0.7832,5.38,5.388449636,0.26,0.25,7.39,7.37,8.32,8.31,15.65,15.49,3.04,#N/A,44.4,85,5.5,7,0,1.5,1.5,0.1,0.03,20.1,47.4,6.64,17,2.81,17.63,6.46,179,6.6,0.64,#N/A,198.33,94,32,64,44,19,-1.7,5.80
60,POL,Poland,Eastern Europe,Europe (other),Christian,38034000,306190,5.79,5.84,5.97,6.12,6.18,1.13,1.25,1.29,1.18,1.21,1.28,1.05,1.45,1.45,1.44,0.78,0.69,0.70,0.78,0.88,0.53,0.45,0.52,0.55,0.48,0.04,0.06,0.06,0.06,0.05,0.17,0.14,0.16,0.11,0.12,12572.43,12431.82,13861.31,15460.64,15595.23,51.53,0.7031,18.26,17.96085354,0.51,0.47,19.18,18.88,27.22,26.74,17.20,16.97,7.50,33.33,29.7,94.3,0,5.6,0,0,0,0,0,#N/A,60,6.62,33,1.32,18.67,0.73,195,11.6,0.80,#N/A,114.94,68,60,64,93,0,-1.7,10.40
,PRI,Puerto Rico,Latin America and Caribbean,Spanish,Christian,3382000,8870,,7.04,,,,,1.36,,,,,1.08,,,,,0.78,,,,,0.47,,,,,0.12,,,,,0.22,,,,29763.49,30627.16,31108.75,31621.89,32873.72,52.16,#N/A,7.07,7.454258803,0.10,0.12,6.90,7.41,10.41,10.59,11.09,11.32,12.00,#N/A,#N/A,96.7,0.1,1.9,0,0.3,0.8,0.1,0,#N/A,#N/A,#N/A,15,1.34,10.21,21.09,313,0,0.95,#N/A,160.03,#N/A,#N/A,#N/A,#N/A,#N/A,-13.9,8.08
88,PRT,Portugal,Southern Europe,Portuguese,Christian,10368000,91605.5957,5.10,5.12,5.20,5.41,5.69,1.16,1.28,1.32,1.19,1.22,1.14,0.94,1.37,1.43,1.43,0.88,0.79,0.80,0.88,1.00,0.51,0.45,0.50,0.56,0.51,0.01,0.02,0.02,0.02,0.03,0.14,0.12,0.10,0.06,0.05,19242.37,19978.40,21490.43,23461.57,23145.04,52.64,0.7056,12.48,12.51231356,0.10,0.10,7.84,7.49,16.50,16.70,31.76,31.80,12.44,70.97,33.8,93.8,0.6,4.4,0.1,0.6,0.5,0,0,#N/A,66.3,8.03,35,1.31,9.26,0.79,125,12.3,0.69,103.6,113.62,63,27,31,104,0,-2.7,10.50
53,PRY,Paraguay,Latin America and Caribbean,Spanish,Christian,6689000,397300,5.88,5.54,5.49,5.68,5.74,0.76,0.89,0.93,0.84,0.86,1.30,1.11,1.51,1.52,1.48,0.66,0.58,0.58,0.62,0.78,0.54,0.46,0.47,0.54,0.51,0.08,0.07,0.09,0.07,0.08,0.34,0.25,0.22,0.16,0.18,5406.70,5319.41,5680.58,5805.68,5414.80,49.11,0.6724,5.69,5.691666201,1.00,0.87,7.92,7.94,7.72,7.70,9.25,9.28,4.56,#N/A,46.2,96.9,0.1,1.1,0,0,1.7,0.2,0,8.3,62.2,6.24,22,2.51,#N/A,7.14,199,7.2,0.53,#N/A,#N/A,#N/A,#N/A,#N/A,#N/A,#N/A,-2.7,5.42
28,QAT,Qatar,Middle East and Northern Africa,Arabic,Muslim,2566000,11610,6.61,6.38,6.38,6.37,6.37,1.69,1.82,1.87,1.65,1.68,1.08,0.88,1.27,1.30,1.31,0.80,0.72,0.71,0.75,0.87,0.64,0.57,0.60,0.65,0.56,0.52,0.48,0.44,0.17,0.17,0.33,0.32,0.33,0.26,0.22,63039.02,57163.06,61264.40,68793.78,64781.73,23.99,0.6299,5.39,5.284061332,0.17,0.17,6.27,6.15,6.20,6.08,7.68,7.58,0.16,33.33,#N/A,13.8,67.7,0.9,13.8,3.1,0,0.7,0,#N/A,99.2,3.19,25,1.93,#N/A,0.38,53,2,2.00,#N/A,142.23,#N/A,#N/A,#N/A,#N/A,#N/A,54.7,1.13
86,ROU,Romania,Eastern Europe,Europe (other),Christian,19925000,230080,5.12,5.53,5.82,5.95,6.07,1.04,1.17,1.22,1.12,1.16,0.89,0.73,1.15,1.22,1.23,0.77,0.68,0.69,0.73,0.83,0.35,0.37,0.46,0.53,0.46,0.01,0.01,0.00,0.00,0.01,0.14,0.13,0.13,0.09,0.08,8977.44,9567.13,10807.80,12408.60,12919.53,51.32,0.6908,12.14,12.03035813,0.56,0.54,11.69,11.47,18.53,18.50,16.31,16.21,6.81,22.06,36,99.5,0.3,0.1,0,0,0,0,0,5,56.4,6.49,34,1.62,18.32,1.28,107,12.7,0.45,#N/A,129.76,#N/A,#N/A,#N/A,#N/A,#N/A,-3,13.20
64,RUS,Russia,Eastern Europe,Russian,Christian,144984992,16376870,5.72,5.86,5.96,5.81,5.65,1.14,1.23,1.28,1.15,1.18,1.24,1.05,1.47,1.48,1.45,0.67,0.59,0.55,0.60,0.73,0.37,0.33,0.37,0.40,0.33,0.03,0.04,0.03,0.03,0.03,0.00,0.03,0.05,0.07,0.08,9313.01,8704.90,10720.33,11370.81,11585.00,53.67,0.6983,31.91,30.44468062,1.03,0.97,39.61,37.57,35.92,34.78,39.94,39.41,5.57,52.17,37.5,73.3,10,16.2,0,0.1,0.2,0,0.2,5.8,74.8,3.11,38,1.78,9.85,8.21,346,11.7,0.96,#N/A,184.38,#N/A,#N/A,#N/A,#N/A,#N/A,2.5,13.00
154,RWA,Rwanda,Sub-Saharan Africa,English,Christian,11369000,24670,3.47,3.52,3.47,3.41,3.33,0.22,0.33,0.37,0.33,0.36,0.77,0.62,0.95,0.90,0.71,0.43,0.32,0.33,0.40,0.61,0.59,0.54,0.58,0.64,0.56,0.55,0.51,0.46,0.44,0.41,0.23,0.24,0.25,0.20,0.22,754.91,748.50,772.32,782.62,801.66,50.90,#N/A,6.24,6.181050077,0.65,0.62,6.25,6.11,24.18,23.97,61.04,60.56,1.16,#N/A,43.7,93.4,4.8,3.6,0,0,1,0.2,0,29.1,17.4,3.16,26,4.16,#N/A,2.52,511,9,0.59,#N/A,#N/A,#N/A,#N/A,#N/A,#N/A,#N/A,-2,5.60
35,SAU,Saudi Arabia,Middle East and Northern Africa,Arabic,Muslim,31718000,2149690,6.41,6.38,6.34,6.37,6.38,1.40,1.49,1.53,1.38,1.40,1.08,0.85,1.29,1.33,1.36,0.72,0.59,0.59,0.63,0.80,0.31,0.38,0.45,0.51,0.44,0.33,0.30,0.27,0.13,0.13,0.14,0.15,0.15,0.10,0.08,20627.93,19879.30,20803.74,23338.96,23139.80,43.12,0.5879,3.07,3.11807949,0.06,0.06,3.79,3.85,4.71,4.62,6.68,6.53,5.59,21.15,#N/A,4.4,93,0.7,1.1,0.3,0.3,0.3,0,8.5,84.3,1.93,30,2.51,22.5,1.3,197,0.2,1.68,#N/A,131.67,80,38,52,68,0,11.7,3.41
118,SDN,Sudan,Sub-Saharan Africa,Arabic,Muslim,38903000,,4.55,4.14,4.14,4.14,,0.52,0.63,0.66,0.61,,1.01,0.82,1.21,1.24,,0.37,0.30,0.29,0.31,,0.10,0.00,0.01,0.02,,0.15,0.10,0.09,0.08,,0.19,0.18,0.18,0.13,,1909.74,1299.26,1111.87,623.87,441.51,50.07,#N/A,4.12,4.103275573,0.39,0.39,7.04,6.96,6.17,6.13,8.32,8.33,12.78,#N/A,35.4,5.4,90.7,1,0,0,2.8,0,0,32.8,35.3,2.7,20,4.59,#N/A,5.16,52,0.5,1.39,#N/A,#N/A,#N/A,#N/A,#N/A,#N/A,#N/A,-2.9,7.43
142,SEN,Senegal,Sub-Saharan Africa,French,Muslim,14578000,192530,3.90,4.22,4.53,4.63,4.68,0.36,0.44,0.48,0.43,0.45,0.98,0.77,1.18,1.12,1.13,0.44,0.40,0.41,0.43,0.57,0.37,0.31,0.38,0.41,0.29,0.11,0.12,0.12,0.08,0.07,0.21,0.19,0.18,0.14,0.15,1219.25,1269.90,1361.70,1465.59,1446.83,51.37,0.6923,7.56,7.595641324,0.53,0.53,7.04,7.01,29.46,29.50,72.53,73.10,4.85,#N/A,40.3,5,92,0.2,0,0,2.8,0,0,17.9,48.1,5.81,32,4.84,#N/A,7.38,68,0.7,0.47,#N/A,#N/A,#N/A,#N/A,#N/A,#N/A,#N/A,-3.1,6.14
24,SGP,Singapore,Southeastern Asia,English,Mixed,5592000,709.0000153,6.80,6.74,6.57,6.34,6.26,1.52,1.65,1.69,1.53,1.57,1.02,0.87,1.35,1.45,1.46,1.03,0.95,0.95,1.01,1.14,0.54,0.49,0.55,0.63,0.56,0.49,0.47,0.46,0.46,0.45,0.31,0.33,0.35,0.26,0.27,55646.62,56828.30,60913.75,66188.78,65233.28,47.67,0.7,9.11,8.922153118,0.32,0.30,8.70,8.39,12.57,12.24,24.79,24.26,1.69,27.94,#N/A,18.2,14.3,16.4,5.2,33.9,2.3,9.7,0,#N/A,100,6.02,18,1.24,19,0.16,199,2,0.91,#N/A,147.77,74,20,48,8,48,11.8,4.80
123,SLE,Sierra Leone,Sub-Saharan Africa,English,Muslim,7172000,72180,4.51,4.64,4.71,4.57,4.37,0.33,0.36,0.37,0.26,0.27,0.96,0.63,0.98,0.81,0.84,0.00,0.00,0.01,0.00,0.24,0.41,0.31,0.32,0.36,0.31,0.09,0.08,0.07,0.05,0.05,0.21,0.24,0.29,0.24,0.25,588.23,501.42,499.38,533.99,504.46,50.17,#N/A,5.80,5.794880309,0.43,0.41,6.58,6.52,21.17,21.06,48.47,48.27,4.70,#N/A,35.7,21,78,0.1,0,0,1,0,0,30.4,42.9,4.86,18,4.56,#N/A,1.71,60,5.7,0.49,#N/A,#N/A,77,20,46,54,16,-0.6,12.63
42,SLV,El Salvador,Latin America and Caribbean,Spanish,Christian,6325000,20720,6.13,6.07,6.00,6.17,6.25,0.76,0.87,0.91,0.81,0.79,1.03,0.81,1.18,1.23,1.24,0.68,0.60,0.60,0.64,0.79,0.40,0.37,0.43,0.46,0.43,0.12,0.11,0.09,0.08,0.07,0.11,0.09,0.08,0.07,0.09,3705.58,3805.99,3910.26,4067.66,4187.25,52.98,0.6609,10.22,10.14411281,1.04,0.95,14.32,14.07,12.18,12.31,14.19,14.10,4.00,22.86,38.6,88.2,0.1,11,0,0,0.5,0.3,0,9.6,73.4,6.15,26,2.10,#N/A,52.02,590,3.8,0.60,#N/A,#N/A,66,19,40,94,0,-7.7,6.96
,SOM,Somalia,Sub-Saharan Africa,Arabic,Muslim,13797000,627340,,5.44,5.15,4.98,4.67,,0.00,0.02,0.00,0.00,,0.34,0.72,0.71,0.70,,0.11,0.11,0.12,0.27,,0.57,0.60,0.67,0.56,,0.31,0.28,0.28,0.27,,0.27,0.29,0.24,0.24,0.00,0.00,0.00,0.00,0.00,50.11,#N/A,5.10,5.074527792,0.55,0.56,6.18,6.15,23.44,23.47,45.03,44.92,6.08,#N/A,#N/A,0.01,99.8,0,0,0,0,0,0,#N/A,46.1,#N/A,22,6.36,#N/A,4.31,#N/A,0,0.49,#N/A,#N/A,#N/A,#N/A,#N/A,#N/A,#N/A,-3.6,11.53
87,SRB,Serbia,Eastern Europe,Europe (other),Christian,8877000,87460,5.12,5.18,5.39,5.40,5.60,0.92,1.03,1.07,0.98,1.00,1.01,0.81,1.26,1.37,1.38,0.75,0.65,0.65,0.69,0.85,0.20,0.16,0.21,0.29,0.28,0.03,0.04,0.04,0.04,0.04,0.19,0.21,0.22,0.13,0.14,5585.12,5756.38,6284.19,7246.19,7402.35,50.98,0.7116,18.98,18.25249175,0.24,0.24,12.98,12.34,27.69,26.53,53.55,52.14,17.92,25.49,36.2,92.5,4.2,3.3,0,0,0,0,0,6.5,56.4,6.41,31,1.46,23.3,1.23,156,11.1,0.45,#N/A,110.26,#N/A,#N/A,#N/A,#N/A,#N/A,0.7,14.60
,SSD,South Sudan,Sub-Saharan Africa,English,Christian,10716000,,,3.83,3.59,3.25,2.85,,0.39,0.40,0.34,0.31,,0.19,0.60,0.61,0.58,,0.16,0.16,0.18,0.30,,0.20,0.15,0.11,0.01,,0.13,0.12,0.11,0.09,,0.26,0.29,0.22,0.20,1119.65,0.00,0.00,0.00,0.00,49.98,#N/A,5.88,5.980190621,0.68,0.68,7.03,7.07,26.31,26.35,62.89,61.99,11.99,#N/A,46.3,60.5,20,0.5,0,0,32.9,0,0,#N/A,20.2,#N/A,32,4.94,#N/A,13.9,50,0,0.50,#N/A,#N/A,#N/A,#N/A,#N/A,#N/A,#N/A,-2,10.83
40,SUR,Suriname,Latin America and Caribbean,Europe (other),Christian,559000,156000,6.27,6.27,,,,1.00,1.10,,,,0.97,0.78,,,,0.61,0.51,,,,0.60,0.52,,,,0.14,0.13,,,,0.17,0.17,,,,8561.97,5539.07,5626.80,6003.72,6854.91,49.69,0.6369,25.65,25.50583885,1.39,1.36,30.99,30.53,38.85,38.58,56.49,56.47,7.22,30.95,57.6,51.6,15.2,5.4,19.8,0.6,5.3,1.8,0.2,10.8,66.1,6.98,30,2.49,#N/A,5.5,183,5.1,0.69,#N/A,#N/A,#N/A,#N/A,#N/A,#N/A,#N/A,-1.8,7.16
45,SVK,Slovakia,Eastern Europe,Europe (other),Christian,5436000,48080,6.00,6.08,6.10,6.17,6.20,1.17,1.28,1.33,1.21,1.25,1.27,1.08,1.51,1.54,1.50,0.79,0.70,0.71,0.78,0.88,0.32,0.23,0.30,0.35,0.33,0.03,0.03,0.02,0.01,0.01,0.17,0.14,0.14,0.12,0.12,16309.07,16505.98,17554.31,19428.12,19329.10,51.41,0.6857,13.48,12.74004302,0.31,0.28,12.80,12.05,20.62,19.39,19.57,18.75,11.48,30.91,25.2,85.3,0.2,14.3,0,0,0,0,0,5,53.8,7.17,35,1.40,16.1,1.37,195,11.5,0.69,38.9,101.44,#N/A,#N/A,#N/A,#N/A,#N/A,0.4,9.90
55,SVN,Slovenia,Eastern Europe,Europe (other),Christian,2071000,20141.99951,5.85,5.77,5.76,5.95,6.12,1.18,1.30,1.34,1.22,1.26,1.27,1.06,1.45,1.51,1.52,0.87,0.79,0.79,0.86,0.95,0.61,0.53,0.57,0.63,0.56,0.04,0.04,0.05,0.05,0.06,0.25,0.26,0.24,0.16,0.14,20881.77,21622.58,23500.75,26054.54,25739.25,50.31,0.7155,21.05,20.74986696,0.72,0.76,16.11,15.88,31.00,30.34,41.43,40.78,8.96,37.50,24.2,78.4,3.6,18,0,0,0,0,0,#N/A,55.1,7.5,33,1.57,#N/A,0.48,69,12.6,0.91,58.6,103.38,#N/A,#N/A,#N/A,#N/A,#N/A,1.6,9.60
8,SWE,Sweden,Northern Europe,Europe (other),Christian,9765000,407310,7.36,7.29,7.28,7.31,7.34,1.33,1.45,1.49,1.36,1.39,1.29,1.09,1.48,1.50,1.49,0.91,0.83,0.83,0.91,1.01,0.66,0.58,0.61,0.66,0.57,0.44,0.41,0.38,0.38,0.37,0.36,0.38,0.39,0.29,0.27,51545.48,51965.16,53791.51,54589.06,51610.07,50.02,0.8129,14.55,14.09507373,0.30,0.30,15.00,14.51,20.91,20.25,20.07,19.63,7.40,44.44,28.8,76.2,4.6,27,0.2,0.4,0.2,0.2,0.1,#N/A,88,9.39,34,1.85,6.63,1.08,61,9.2,0.68,96.8,103.37,31,71,5,29,33,5.3,9.30
101,SWZ,Swaziland,Sub-Saharan Africa,English,Christian,1104000,17200,4.87,,,,4.21,0.71,,,,0.81,1.07,,,,1.15,0.08,,,,0.00,0.31,,,,0.31,0.03,,,,0.14,0.18,,,,0.07,3689.52,3447.70,3953.09,4145.97,3837.03,51.79,#N/A,20.07,19.30244306,0.16,0.16,31.03,29.58,38.06,36.49,33.60,32.69,26.33,#N/A,54.6,88.1,2,10.1,0.1,0,1,0.4,0,#N/A,24.2,3.14,10,3.07,#N/A,9.5,258,9.9,0.79,#N/A,#N/A,#N/A,#N/A,#N/A,#N/A,#N/A,-7.7,11.24
156,SYR,Syria,Middle East and Northern Africa,Arabic,Muslim,17997000,183630,3.01,3.07,3.46,3.46,3.46,0.66,0.75,0.78,0.69,0.62,0.47,0.15,0.40,0.38,0.38,0.72,0.63,0.50,0.54,0.44,0.16,0.07,0.08,0.09,0.01,0.19,0.17,0.15,0.14,0.14,0.47,0.48,0.49,0.38,0.33,0.00,0.00,0.00,0.00,0.00,49.63,0.5661,2.58,2.637428678,0.12,0.12,3.80,3.80,4.57,4.59,6.32,6.38,#N/A,12.26,35.8,5.2,92.8,2,0,0,0,0,0,#N/A,55.5,1.43,37,2.94,32.2,0.88,60,0.3,1.50,#N/A,#N/A,#N/A,#N/A,#N/A,#N/A,#N/A,-54.7,5.77
149,TCD,Chad,Sub-Saharan Africa,French,Mixed,14111000,1259200,3.67,3.76,3.94,4.30,4.35,0.34,0.42,0.44,0.36,0.35,0.76,0.63,0.95,0.91,0.77,0.15,0.04,0.04,0.05,0.19,0.24,0.13,0.16,0.19,0.17,0.05,0.05,0.05,0.06,0.08,0.18,0.19,0.22,0.18,0.20,776.02,693.45,665.95,726.15,709.54,50.10,0.5588,5.24,5.216390475,0.47,0.47,6.54,6.54,24.79,24.53,56.47,55.92,5.66,#N/A,43.3,40.6,58,2.5,0,0,1.4,0.1,0,44.2,23.5,1.61,27,6.05,#N/A,9.04,59,1.6,0.45,#N/A,#N/A,#N/A,#N/A,#N/A,#N/A,#N/A,1.5,12.77
158,TGO,Togo,Sub-Saharan Africa,French,Muslim,7323000,54390,2.84,3.30,3.49,4.00,4.09,0.21,0.28,0.31,0.26,0.28,0.14,0.00,0.43,0.47,0.57,0.28,0.25,0.25,0.25,0.41,0.36,0.35,0.38,0.43,0.29,0.11,0.12,0.10,0.10,0.09,0.17,0.18,0.20,0.16,0.18,570.91,597.47,626.09,678.96,675.54,50.31,#N/A,7.45,7.492692656,0.41,0.42,8.56,8.49,27.71,27.64,53.37,52.61,1.84,#N/A,43.1,43.7,20,6.2,0,0,35.6,0.6,0,23.9,42.8,3.3,22,4.52,#N/A,9,66,3.1,0.48,#N/A,#N/A,#N/A,#N/A,#N/A,#N/A,#N/A,#N/A,8.84
34,THA,Thailand,Southeastern Asia,Asia (other),Buddhist,68715000,510890,6.46,6.47,6.42,6.07,6.01,0.97,1.09,1.13,1.02,1.05,1.27,1.04,1.43,1.42,1.41,0.74,0.65,0.65,0.71,0.83,0.56,0.50,0.58,0.64,0.56,0.03,0.03,0.03,0.03,0.03,0.58,0.59,0.57,0.36,0.36,5840.05,5994.23,6592.91,7295.48,7808.19,51.16,0.6928,11.88,12.24177676,0.29,0.28,14.20,14.66,13.41,13.55,17.40,17.60,0.60,25.45,36.4,0.9,5.5,0.3,0.1,93.2,0.09,0,0,9.7,51.4,6.32,19,1.54,24.25,3.24,531,8.3,0.81,#N/A,172,64,20,34,64,56,0.5,7.39
106,TJK,Tajikistan,Central Asia,Asia (other),Muslim,8454000,138790,4.79,5.00,5.04,5.20,5.47,0.39,0.49,0.52,0.47,0.49,0.86,0.76,1.27,1.17,1.10,0.57,0.53,0.53,0.60,0.72,0.47,0.43,0.47,0.29,0.39,0.15,0.14,0.15,0.03,0.14,0.23,0.26,0.25,0.19,0.23,929.10,802.52,806.04,826.62,870.79,49.55,0.6682,5.17,5.353278965,0.53,0.55,7.76,8.07,7.73,7.88,7.62,7.75,10.36,10.37,34,1.6,96.7,1.5,0,0,< 0.1,0,0,#N/A,27.5,1.93,#N/A,3.62,#N/A,1.61,121,3.3,0.47,#N/A,#N/A,#N/A,#N/A,#N/A,#N/A,#N/A,-3.4,5.20
70,TKM,Turkmenistan,Central Asia,Asia (other),Muslim,5565000,469930,5.55,5.66,5.82,5.64,5.25,0.96,1.08,1.13,1.02,1.05,1.23,1.04,1.49,1.53,1.54,0.54,0.44,0.44,0.52,0.66,0.48,0.37,0.42,0.42,0.39,0.31,0.28,0.26,0.04,0.03,0.17,0.23,0.25,0.20,0.24,6432.68,6389.55,6587.09,6966.64,0.00,50.76,#N/A,8.75,8.916576977,0.66,0.65,13.22,13.50,8.36,8.74,9.87,10.10,3.58,#N/A,40.8,6.4,93,0.5,0,0,< 0.1,0,0,11.8,52.5,1.72,#N/A,2.93,#N/A,4.22,552,5.4,0.52,#N/A,#N/A,#N/A,#N/A,#N/A,#N/A,#N/A,-1.9,7.10
41,TTO,Trinidad and Tobago,Latin America and Caribbean,English,Christian,1370000,5130,6.17,6.17,6.17,6.19,6.19,1.21,1.33,1.36,1.22,1.23,1.18,0.99,1.38,1.49,1.48,0.61,0.53,0.52,0.56,0.71,0.56,0.48,0.52,0.58,0.49,0.01,0.01,0.01,0.02,0.02,0.32,0.32,0.33,0.17,0.19,18289.70,16176.95,16238.19,17129.91,17276.47,50.54,0.7166,11.17,11.25845087,0.70,0.70,14.68,14.75,12.67,12.84,12.44,12.76,3.39,34.92,40.3,65.9,6,1.9,22.7,0.3,1.9,1.4,0,9.1,53.2,7.16,24,1.77,#N/A,30.88,292,8.4,0.73,#N/A,#N/A,#N/A,#N/A,#N/A,#N/A,#N/A,-0.6,8.07
107,TUN,Tunisia,Middle East and Northern Africa,Arabic,Muslim,11180000,155360,4.74,5.05,4.80,4.59,4.46,0.88,0.98,1.01,0.90,0.92,0.60,0.43,0.87,0.91,1.00,0.74,0.60,0.61,0.69,0.82,0.26,0.24,0.29,0.27,0.17,0.06,0.08,0.09,0.06,0.06,0.06,0.04,0.05,0.04,0.06,3861.69,3697.93,3481.23,3438.79,3317.54,50.43,#N/A,3.31,3.300524045,0.19,0.18,3.79,3.76,4.15,4.11,10.09,10.04,15.22,0.00,32.8,0.2,99.5,0.2,0,0,0,0,0.1,6.2,69.6,6.72,16,2.25,#N/A,3.05,195,1.9,1.69,#N/A,#N/A,#N/A,#N/A,#N/A,#N/A,#N/A,-2.8,6.30
76,TUR,Turkey,Middle East and Northern Africa,Asia (other),Muslim,78529000,769630,5.33,5.39,5.50,5.48,5.37,1.06,1.16,1.20,1.15,1.18,0.95,0.88,1.34,1.38,1.36,0.73,0.65,0.64,0.69,0.81,0.23,0.24,0.30,0.32,0.20,0.16,0.12,0.10,0.11,0.11,0.12,0.05,0.05,0.11,0.08,10948.72,10820.63,10513.65,9370.18,9042.49,50.78,0.6081,3.56,3.577523471,0.41,0.39,4.64,4.68,4.11,4.02,5.45,5.38,10.24,21.33,41.9,0.4,98,1.2,0,0.05,0.03,0.2,0.03,5,76.1,4.09,26.5,2.10,20.62,2.59,324,2,1.52,41,195.99,66,37,45,85,0,4.7,5.40
146,TZA,Tanzania,Sub-Saharan Africa,English,Mixed,51483000,885800,3.78,3.67,3.35,3.30,3.23,0.29,0.47,0.51,0.46,0.48,1.00,0.78,1.04,0.99,0.89,0.38,0.36,0.36,0.38,0.50,0.33,0.32,0.39,0.48,0.42,0.06,0.05,0.07,0.10,0.15,0.34,0.31,0.35,0.27,0.28,947.93,966.47,1004.84,1060.99,1122.12,50.09,0.6928,4.81,4.847964661,0.55,0.54,4.99,4.98,19.27,19.39,46.61,47.11,2.12,#N/A,40.5,61.4,35.2,1.4,0.1,0,1.8,0.07,0,28.6,35.2,5.16,37,5.08,#N/A,6.95,59,9.4,0.51,#N/A,#N/A,64,27,41,52,25,-1,7.16
141,UGA,Uganda,Sub-Saharan Africa,English,Christian,38225000,200520,3.93,3.74,4.08,4.16,4.19,0.21,0.35,0.38,0.32,0.33,1.13,0.91,1.13,1.09,1.07,0.34,0.20,0.22,0.24,0.44,0.46,0.44,0.44,0.45,0.36,0.07,0.06,0.06,0.06,0.06,0.29,0.27,0.33,0.26,0.25,840.40,730.63,747.20,767.10,776.77,50.88,0.7086,5.26,5.164122146,0.54,0.53,5.85,5.69,25.56,24.83,70.54,69.10,1.90,#N/A,42.8,86.7,11.5,0.5,0.3,0,0.9,0.1,0,30.6,25,5.02,28,5.39,29.1,10.42,124,9.5,0.54,#N/A,#N/A,#N/A,#N/A,#N/A,#N/A,#N/A,-1.7,7.35
111,UKR,Ukraine,Eastern Europe,Russian,Christian,44922000,579290,4.68,4.32,4.10,4.10,4.33,0.80,0.87,0.89,0.79,0.82,1.20,1.01,1.39,1.41,1.39,0.67,0.59,0.58,0.61,0.74,0.25,0.13,0.12,0.16,0.18,0.03,0.02,0.02,0.01,0.01,0.15,0.20,0.27,0.19,0.19,2124.66,2187.73,2640.68,3096.82,3659.03,53.74,0.6935,34.05,33.2755827,1.27,1.21,43.21,42.85,35.29,33.97,36.62,35.20,9.14,41.79,26.1,83.8,1.2,14.7,0,0,0,0,0,5,69.6,5.9,37,1.51,16.6,6.2,148,8.6,0.70,#N/A,145.84,#N/A,#N/A,#N/A,#N/A,#N/A,0.6,14.90
32,URY,Uruguay,Latin America and Caribbean,Spanish,Christian,3412000,175020,6.49,6.55,6.45,6.38,6.29,1.06,1.18,1.22,1.09,1.12,1.21,1.03,1.41,1.46,1.47,0.81,0.72,0.72,0.77,0.89,0.60,0.54,0.58,0.63,0.52,0.25,0.21,0.18,0.16,0.15,0.23,0.18,0.18,0.13,0.13,15613.76,15387.14,17322.15,17277.97,16190.13,51.77,0.6803,19.89,19.85751509,0.66,0.64,21.28,21.10,27.43,27.40,38.47,38.56,7.49,0.00,39.7,57.9,0.1,40.7,0,0,0.8,0.3,0.3,5,95.5,8.38,25,2.00,#N/A,12.06,295,10.8,0.94,#N/A,139.31,61,36,38,100,0,-1.8,9.44
15,USA,United States,North America,English,Christian,320878016,9147420,7.12,7.10,6.99,6.89,6.89,1.39,1.51,1.55,1.40,1.43,1.25,1.05,1.42,1.47,1.46,0.86,0.78,0.77,0.82,0.87,0.55,0.48,0.51,0.55,0.45,0.16,0.15,0.14,0.13,0.13,0.40,0.41,0.39,0.29,0.28,56822.52,57927.52,59957.73,62840.02,65118.36,50.54,0.7392,14.66,15.01254988,0.82,0.82,16.59,17.21,20.34,20.36,19.04,19.20,5.28,44.62,41.4,78.3,1.1,16.4,0.6,1.2,0.2,0.6,1.8,#N/A,82.7,7.96,0,1.84,9.04,4.96,655,9.8,3.26,#N/A,152.2,40,91,62,46,29,3.2,8.44
44,UZB,Uzbekistan,Central Asia,Asia (other),Muslim,30930000,425400,6.00,5.99,5.97,6.10,6.17,0.63,0.74,0.79,0.72,0.75,1.34,1.17,1.55,1.58,1.53,0.60,0.50,0.50,0.61,0.76,0.66,0.61,0.66,0.72,0.63,0.31,0.28,0.25,0.26,0.24,0.23,0.34,0.42,0.33,0.32,2615.03,2567.80,1826.57,1529.08,1724.84,50.19,#N/A,9.56,9.508490108,1.81,1.68,13.42,13.38,11.90,11.82,11.34,11.35,7.94,14.10,35.3,2.3,96.7,0.8,0,0,< 0.1,0,0,10.7,50.4,2.01,15,2.49,41.2,1.1,150,2.7,0.48,#N/A,#N/A,#N/A,#N/A,#N/A,#N/A,#N/A,-0.4,4.90
23,VEN,Venezuela,Latin America and Caribbean,Spanish,Christian,30082000,882050,6.81,6.08,5.25,4.81,4.71,1.04,1.13,1.13,1.00,0.96,1.26,1.03,1.43,1.47,1.43,0.72,0.62,0.62,0.66,0.81,0.43,0.20,0.15,0.13,0.15,0.11,0.08,0.06,0.05,0.05,0.06,0.04,0.07,0.06,0.06,0.00,0.00,0.00,0.00,0.00,50.29,0.706,8.86,8.957537684,0.53,0.54,12.57,12.74,9.50,9.55,12.57,12.07,6.82,36.36,46.9,89.3,0.3,10,0,0,0.2,0.07,0,16.9,88.3,2.88,15,2.34,#N/A,36.69,178,5.6,0.63,#N/A,155.42,81,12,73,76,0,-2.9,6.41
75,VNM,Vietnam,Southeastern Asia,Asia (other),Folk Religion,92677000,310070,5.36,5.06,5.07,5.10,5.18,0.63,0.74,0.79,0.72,0.74,0.91,0.79,1.28,1.37,1.35,0.75,0.66,0.65,0.70,0.85,0.59,0.56,0.57,0.62,0.54,0.10,0.12,0.09,0.08,0.07,0.17,0.25,0.23,0.18,0.15,2085.10,2192.21,2365.62,2566.60,2715.28,50.15,0.6863,7.68,7.722581116,0.13,0.13,7.95,7.91,14.26,14.30,21.14,21.50,2.12,7.02,35.7,8.2,0.2,29.6,0.16,16.4,45.3,0.4,0,15.3,37.3,3.08,22,2.01,34.06,1.52,128,8.4,0.68,#N/A,110.26,#N/A,#N/A,#N/A,#N/A,#N/A,-0.9,6.13
69,XKX,Kosovo,Eastern Europe,Europe (other),Muslim,,,5.59,5.40,5.28,5.66,6.10,0.80,0.90,0.95,0.86,0.88,0.81,0.66,1.14,1.23,1.23,0.63,0.54,0.54,0.58,0.76,0.25,0.14,0.26,0.45,0.49,0.05,0.07,0.06,0.02,0.01,0.28,0.28,0.32,0.27,0.26,3603.03,3780.00,4045.61,4419.91,4417.51,0.00,#N/A,#N/A,#N/A,#N/A,#N/A,#N/A,#N/A,#N/A,#N/A,#N/A,#N/A,#N/A,#N/A,29,11.4,87,1.6,0,0,0,0,0,#N/A,#N/A,#N/A,32,2.09,23.5,2.4,95,0,#N/A,#N/A,#N/A,#N/A,#N/A,#N/A,#N/A,#N/A,#N/A,7.00
136,YEM,Yemen,Middle East and Northern Africa,Arabic,Muslim,26498000,527970,4.08,3.72,3.59,3.36,3.38,0.55,0.58,0.59,0.44,0.29,0.68,0.47,0.94,1.07,1.16,0.40,0.31,0.31,0.34,0.46,0.36,0.23,0.25,0.24,0.14,0.08,0.06,0.06,0.06,0.08,0.09,0.10,0.10,0.08,0.11,1395.44,1033.73,882.40,968.16,0.00,49.60,0.5128,4.71,4.768514736,0.36,0.37,8.31,8.36,7.10,7.16,8.77,8.78,13.81,#N/A,36.7,0.2,99.1,0.1,0.6,0,0,0,0,45.9,36.6,1.95,37,4.10,#N/A,6.66,53,0.1,1.40,#N/A,#N/A,#N/A,#N/A,#N/A,#N/A,#N/A,-0.6,5.97
113,ZAF,South Africa,Sub-Saharan Africa,English,Christian,55386000,1213090,4.64,4.46,4.83,4.72,4.72,0.92,1.02,1.05,0.94,0.96,1.18,0.96,1.38,1.41,1.35,0.28,0.19,0.19,0.33,0.47,0.33,0.42,0.48,0.52,0.39,0.09,0.08,0.07,0.06,0.06,0.12,0.14,0.14,0.10,0.13,5734.63,5272.92,6132.48,6374.03,6001.40,50.64,0.751,10.63,10.89165299,0.05,0.04,13.46,13.99,18.40,18.13,20.83,20.28,25.16,17.14,63,81.2,2,14.9,1.7,0.2,0.4,0.3,0.1,14,67.4,7.24,27,2.48,21.56,36.4,275,9.3,0.96,#N/A,191.72,49,65,63,49,0,3.5,9.77
85,ZMB,Zambia,Sub-Saharan Africa,English,Christian,15879000,743390,5.13,4.80,4.51,4.38,4.11,0.47,0.61,0.64,0.56,0.58,0.92,0.64,1.00,1.05,1.06,0.30,0.24,0.26,0.30,0.43,0.49,0.43,0.46,0.50,0.43,0.12,0.11,0.08,0.08,0.09,0.20,0.18,0.25,0.22,0.25,1337.80,1280.58,1534.87,1556.33,1291.34,50.52,0.6312,6.56,6.643000214,0.71,0.70,7.59,7.64,28.71,28.89,66.78,66.59,7.75,#N/A,57.1,97.6,1,0.5,0.1,0,0.3,0.9,0,38.1,44.6,5.09,31,4.92,#N/A,5.3,123,4.8,0.51,#N/A,#N/A,64,27,41,52,25,-0.7,7.17
115,ZWE,Zimbabwe,Sub-Saharan Africa,English,Christian,13815000,386850,4.61,4.19,3.88,3.69,3.66,0.27,0.35,0.38,0.36,0.37,1.03,0.71,1.08,1.09,1.11,0.33,0.16,0.20,0.25,0.43,0.26,0.25,0.34,0.41,0.36,0.08,0.09,0.10,0.10,0.09,0.19,0.19,0.19,0.13,0.15,1445.07,1464.58,1548.17,1683.74,1463.99,52.45,#N/A,18.22,18.13581646,0.23,0.23,25.77,25.54,50.35,49.77,87.67,86.14,5.09,#N/A,44.3,87,1,7.9,0,0,3.8,0.3,0.08,34.4,32.2,3.16,33,3.90,#N/A,6.67,114,4.8,0.77,#N/A,#N/A,#N/A,#N/A,#N/A,#N/A,#N/A,-9.4,8.67
